FPoints,TotalAvgPoints,OpponentAvgPoints,ScheduleID,Year,Week,Date,OpponentTeamID,Opponent,ID,PlayerName,PositionType,TeamID,TeamName,Comp,Attempt,Pct,PassingYards,PassingTouchdowns,Interceptions,Sacks,Rating,RushingAttempt,RushingYards,RushingTouchdowns,Fumbles,FumblesLost,AscGameNumber,AllGameNumber,OpponentGameNumber
32.0,23.000000,32.000000,702,2017,8,10/29,29,Seattle Seahawks,197,Deshaun Watson,QB,13,Houston Texans,19,30,63.30,402,4,3,5,106.90,8,67,0,0,0,7,1,1
21.0,23.000000,21.000000,433,2017,6,10/15,8,Cleveland Browns,197,Deshaun Watson,QB,13,Houston Texans,17,29,58.60,225,3,1,1,103.40,6,23,0,0,0,6,2,1
33.0,23.000000,33.000000,701,2017,5,10/08,16,Kansas City Chiefs,197,Deshaun Watson,QB,13,Houston Texans,16,31,51.60,261,5,0,3,119.80,3,31,0,0,0,5,3,1
33.0,23.000000,33.000000,700,2017,4,10/01,31,Tennessee Titans,197,Deshaun Watson,QB,13,Houston Texans,25,34,73.50,283,4,1,1,125.00,4,24,1,0,0,4,4,1
20.0,23.000000,20.000000,699,2017,3,09/24,21,New England Patriots,197,Deshaun Watson,QB,13,Houston Texans,22,33,66.70,301,2,2,2,90.60,8,41,0,2,0,3,5,1
17.0,23.000000,17.000000,365,2017,2,09/14,7,Cincinnati Bengals,197,Deshaun Watson,QB,13,Houston Texans,15,24,62.50,125,0,0,3,75.90,5,67,1,0,0,2,6,1
5.0,23.000000,5.000000,1251,2017,1,09/10,15,Jacksonville Jaguars,197,Deshaun Watson,QB,13,Houston Texans,12,23,52.20,102,1,1,4,60.40,2,16,0,1,1,1,7,1
35.0,21.400000,35.000000,702,2017,8,10/29,13,Houston Texans,442,Russell Wilson,QB,29,Seattle Seahawks,26,41,63.40,452,4,1,2,123.20,4,30,0,1,0,70,1,1
26.0,21.400000,26.000000,1077,2017,7,10/22,23,New York Giants,442,Russell Wilson,QB,29,Seattle Seahawks,27,39,69.20,334,3,0,1,121.10,2,10,0,0,0,69,2,1
10.0,21.400000,15.000000,924,2017,5,10/08,18,Los Angeles Rams,442,Russell Wilson,QB,29,Seattle Seahawks,24,37,64.90,198,1,1,3,76.20,5,16,0,0,0,68,3,1
24.0,21.400000,24.000000,756,2017,4,10/01,14,Indianapolis Colts,442,Russell Wilson,QB,29,Seattle Seahawks,21,26,80.80,295,2,2,3,107.50,4,38,1,0,0,67,4,1
32.0,21.400000,32.000000,1192,2017,3,09/24,31,Tennessee Titans,442,Russell Wilson,QB,29,Seattle Seahawks,29,49,59.20,373,4,0,1,110.30,7,26,0,2,0,66,5,1
14.0,21.400000,14.000000,1175,2017,2,09/17,28,San Francisco 49ers,442,Russell Wilson,QB,29,Seattle Seahawks,23,39,59.00,198,1,0,3,80.90,12,34,0,1,0,65,6,1
8.0,21.400000,8.000000,1247,2017,1,09/10,12,Green Bay Packers,442,Russell Wilson,QB,29,Seattle Seahawks,14,27,51.90,158,0,0,3,69.70,2,40,0,1,1,64,7,1
14.0,21.400000,14.000000,1181,2016,17,01/01,28,San Francisco 49ers,442,Russell Wilson,QB,29,Seattle Seahawks,19,32,59.40,258,1,0,1,95.60,2,4,0,1,0,63,8,2
31.0,21.400000,31.000000,29,2016,16,12/24,1,Arizona Cardinals,442,Russell Wilson,QB,29,Seattle Seahawks,29,45,64.40,350,4,0,6,117.80,10,36,0,1,1,62,9,1
20.0,21.400000,15.000000,939,2016,15,12/15,18,Los Angeles Rams,442,Russell Wilson,QB,29,Seattle Seahawks,19,26,73.10,229,3,1,2,122.10,6,12,0,0,0,61,10,2
13.0,20.800000,17.000000,553,2017,8,10/30,10,Denver Broncos,240,Alex Smith,QB,16,Kansas City Chiefs,14,31,45.20,202,1,0,1,77.60,4,33,0,1,1,68,1,1
25.0,20.800000,25.000000,846,2017,7,10/19,25,Oakland Raiders,240,Alex Smith,QB,16,Kansas City Chiefs,25,36,69.40,342,3,0,1,127.30,1,0,0,1,0,67,2,1
14.0,20.800000,14.000000,845,2017,6,10/15,27,Pittsburgh Steelers,240,Alex Smith,QB,16,Kansas City Chiefs,19,34,55.90,246,1,0,3,88.60,4,13,0,0,0,66,3,1
25.0,20.800000,25.000000,701,2017,5,10/08,13,Houston Texans,240,Alex Smith,QB,16,Kansas City Chiefs,29,37,78.40,324,3,0,1,130.20,5,19,0,0,0,65,4,1
26.0,20.800000,26.000000,844,2017,4,10/02,32,Washington Redskins,240,Alex Smith,QB,16,Kansas City Chiefs,27,37,73.00,293,1,0,4,104.90,7,56,1,0,0,64,5,1
14.0,20.800000,19.000000,843,2017,3,09/24,17,Los Angeles Chargers,240,Alex Smith,QB,16,Kansas City Chiefs,16,21,76.20,155,2,0,5,128.10,2,9,0,0,0,63,6,1
16.0,20.800000,16.000000,842,2017,2,09/17,26,Philadelphia Eagles,240,Alex Smith,QB,16,Kansas City Chiefs,21,28,75.00,251,1,0,4,113.80,4,21,0,0,0,62,7,1
30.0,20.800000,30.000000,1259,2017,1,09/07,21,New England Patriots,240,Alex Smith,QB,16,Kansas City Chiefs,28,35,80.00,368,4,0,3,148.60,5,3,0,0,0,61,8,1
24.0,20.800000,19.000000,859,2016,17,01/01,17,Los Angeles Chargers,240,Alex Smith,QB,16,Kansas City Chiefs,21,28,75.00,264,2,1,1,112.80,6,21,1,0,0,60,9,2
21.0,20.800000,17.000000,573,2016,16,12/25,10,Denver Broncos,240,Alex Smith,QB,16,Kansas City Chiefs,25,36,69.40,244,1,1,0,85.90,4,46,1,0,0,59,10,2
.0,20.300000,18.000000,662,2017,6,10/15,20,Minnesota Vikings,179,Aaron Rodgers,QB,12,Green Bay Packers,2,4,50.00,18,0,0,0,62.50,0,0,0,0,0,63,1,1
23.0,20.300000,23.000000,488,2017,5,10/08,9,Dallas Cowboys,179,Aaron Rodgers,QB,12,Green Bay Packers,19,29,65.50,221,3,0,4,122.90,4,32,0,0,0,62,2,1
23.0,20.300000,17.000000,297,2017,4,09/28,6,Chicago Bears,179,Aaron Rodgers,QB,12,Green Bay Packers,18,26,69.20,179,4,0,2,128.00,1,-1,0,0,0,61,3,1
24.0,20.300000,24.000000,366,2017,3,09/24,7,Cincinnati Bengals,179,Aaron Rodgers,QB,12,Green Bay Packers,28,42,66.70,313,3,1,6,102.60,4,23,0,0,0,60,4,1
17.0,20.300000,17.000000,76,2017,2,09/17,2,Atlanta Falcons,179,Aaron Rodgers,QB,12,Green Bay Packers,33,50,66.00,343,2,1,3,90.70,2,8,0,1,1,59,5,1
16.0,20.300000,18.500000,1247,2017,1,09/10,29,Seattle Seahawks,179,Aaron Rodgers,QB,12,Green Bay Packers,28,42,66.70,311,1,1,4,86.50,7,21,0,0,0,58,6,1
32.0,20.300000,32.000000,632,2016,17,01/01,11,Detroit Lions,179,Aaron Rodgers,QB,12,Green Bay Packers,27,39,69.20,300,4,0,1,126.00,10,42,0,0,0,57,7,1
36.0,20.300000,18.000000,675,2016,16,12/24,20,Minnesota Vikings,179,Aaron Rodgers,QB,12,Green Bay Packers,28,38,73.70,347,4,0,4,136.60,2,13,1,0,0,56,8,2
11.0,20.300000,17.000000,320,2016,15,12/18,6,Chicago Bears,179,Aaron Rodgers,QB,12,Green Bay Packers,19,31,61.30,252,0,0,4,87.00,3,19,0,0,0,55,9,2
21.0,20.300000,18.500000,674,2016,14,12/11,29,Seattle Seahawks,179,Aaron Rodgers,QB,12,Green Bay Packers,18,23,78.30,246,3,0,1,150.80,3,-6,0,0,0,54,10,2
17.0,20.000000,17.000000,772,2016,17,01/01,15,Jacksonville Jaguars,210,Andrew Luck,QB,14,Indianapolis Colts,24,40,60.00,321,2,1,4,91.80,3,17,0,1,1,50,1,1
22.0,20.000000,22.000000,771,2016,16,12/24,25,Oakland Raiders,210,Andrew Luck,QB,14,Indianapolis Colts,19,29,65.50,288,2,2,0,92.30,4,12,1,0,0,49,2,1
18.0,20.000000,18.000000,770,2016,15,12/18,20,Minnesota Vikings,210,Andrew Luck,QB,14,Indianapolis Colts,21,28,75.00,250,2,0,0,125.60,1,8,0,0,0,48,3,1
16.0,20.000000,19.500000,718,2016,14,12/11,13,Houston Texans,210,Andrew Luck,QB,14,Indianapolis Colts,24,45,53.30,276,2,2,1,68.40,2,32,0,1,1,47,4,1
29.0,20.000000,29.000000,769,2016,13,12/05,24,New York Jets,210,Andrew Luck,QB,14,Indianapolis Colts,22,28,78.60,278,4,0,1,147.60,3,26,0,0,0,46,5,1
18.0,20.000000,22.500000,767,2016,11,11/20,31,Tennessee Titans,210,Andrew Luck,QB,14,Indianapolis Colts,15,28,53.60,262,2,1,2,94.60,8,22,0,0,0,45,6,1
12.0,20.000000,12.000000,669,2016,9,11/06,12,Green Bay Packers,210,Andrew Luck,QB,14,Indianapolis Colts,23,36,63.90,281,1,2,2,74.00,7,15,0,0,0,44,7,1
18.0,20.000000,18.000000,766,2016,8,10/30,16,Kansas City Chiefs,210,Andrew Luck,QB,14,Indianapolis Colts,19,35,54.30,210,2,1,6,79.50,9,60,0,1,1,43,8,1
27.0,20.000000,22.500000,765,2016,7,10/23,31,Tennessee Titans,210,Andrew Luck,QB,14,Indianapolis Colts,27,39,69.20,353,3,0,2,123.10,5,17,0,0,0,42,9,2
23.0,20.000000,19.500000,714,2016,6,10/16,13,Houston Texans,210,Andrew Luck,QB,14,Indianapolis Colts,21,32,65.60,252,1,1,3,87.00,7,53,1,0,0,41,10,2
17.0,19.700000,17.000000,890,2017,8,10/29,17,Los Angeles Chargers,317,Tom Brady,QB,21,New England Patriots,32,47,68.10,333,1,0,3,95.40,1,2,0,0,0,67,1,1
17.0,19.700000,17.000000,80,2017,7,10/22,2,Atlanta Falcons,317,Tom Brady,QB,21,New England Patriots,21,29,72.40,249,2,0,2,121.20,5,5,0,1,0,66,2,1
16.0,19.700000,18.000000,1025,2017,6,10/15,24,New York Jets,317,Tom Brady,QB,21,New England Patriots,20,38,52.60,257,2,1,0,80.70,1,-1,0,0,0,65,3,1
12.0,19.700000,12.000000,1024,2017,5,10/05,30,Tampa Bay Buccaneers,317,Tom Brady,QB,21,New England Patriots,30,40,75.00,303,1,1,3,94.10,2,5,0,1,1,64,4,1
20.0,19.700000,20.000000,235,2017,4,10/01,5,Carolina Panthers,317,Tom Brady,QB,21,New England Patriots,32,45,71.10,307,2,0,3,104.60,1,2,0,0,0,63,5,1
33.0,19.700000,33.000000,699,2017,3,09/24,13,Houston Texans,317,Tom Brady,QB,21,New England Patriots,25,35,71.40,378,5,0,5,146.20,1,6,0,3,1,62,6,1
29.0,19.700000,29.000000,1023,2017,2,09/17,22,New Orleans Saints,317,Tom Brady,QB,21,New England Patriots,30,39,76.90,447,3,0,2,139.60,2,9,0,0,0,61,7,1
10.0,19.700000,10.000000,1259,2017,1,09/07,16,Kansas City Chiefs,317,Tom Brady,QB,21,New England Patriots,16,36,44.40,267,0,0,3,70.00,2,0,0,0,0,60,8,1
23.0,19.700000,23.000000,980,2016,17,01/01,19,Miami Dolphins,317,Tom Brady,QB,21,New England Patriots,25,33,75.80,276,3,0,0,130.40,1,6,0,0,0,59,9,1
20.0,19.700000,18.000000,1034,2016,16,12/24,24,New York Jets,317,Tom Brady,QB,21,New England Patriots,17,27,63.00,214,3,0,1,124.60,0,0,0,1,0,58,10,2
14.0,18.600000,14.000000,1140,2017,8,10/29,28,San Francisco 49ers,395,Carson Wentz,QB,26,Philadelphia Eagles,18,32,56.30,211,2,1,3,84.20,2,7,0,0,0,24,1,1
30.0,18.600000,23.000000,1139,2017,7,10/23,32,Washington Redskins,395,Carson Wentz,QB,26,Philadelphia Eagles,17,25,68.00,268,4,1,3,126.30,8,63,0,2,0,23,2,1
20.0,18.600000,20.000000,237,2017,6,10/12,5,Carolina Panthers,395,Carson Wentz,QB,26,Philadelphia Eagles,16,30,53.30,222,3,0,3,110.70,6,25,0,1,1,22,3,1
27.0,18.600000,27.000000,4,2017,5,10/08,1,Arizona Cardinals,395,Carson Wentz,QB,26,Philadelphia Eagles,21,30,70.00,304,4,1,1,128.30,6,11,0,0,0,21,4,1
14.0,18.600000,14.000000,887,2017,4,10/01,17,Los Angeles Chargers,395,Carson Wentz,QB,26,Philadelphia Eagles,17,31,54.80,242,1,0,1,91.10,6,14,0,1,0,20,5,1
13.0,18.600000,11.500000,1075,2017,3,09/24,23,New York Giants,395,Carson Wentz,QB,26,Philadelphia Eagles,21,31,67.70,176,1,0,3,92.90,6,22,0,0,0,19,6,1
24.0,18.600000,24.000000,842,2017,2,09/17,16,Kansas City Chiefs,395,Carson Wentz,QB,26,Philadelphia Eagles,25,46,54.30,333,2,1,6,83.00,4,55,0,2,0,18,7,1
16.0,18.600000,23.000000,1277,2017,1,09/10,32,Washington Redskins,395,Carson Wentz,QB,26,Philadelphia Eagles,26,39,66.70,307,2,1,2,96.80,4,6,0,1,1,17,8,2
18.0,18.600000,18.000000,510,2016,17,01/01,9,Dallas Cowboys,395,Carson Wentz,QB,26,Philadelphia Eagles,27,43,62.80,245,2,0,2,93.70,1,13,0,0,0,16,9,1
10.0,18.600000,11.500000,1087,2016,16,12/22,23,New York Giants,395,Carson Wentz,QB,26,Philadelphia Eagles,13,24,54.20,152,1,1,0,70.10,4,27,0,0,0,15,10,2
6.0,18.200000,6.000000,490,2017,8,10/29,32,Washington Redskins,127,Dak Prescott,QB,9,Dallas Cowboys,14,22,63.60,143,0,0,2,82.20,3,16,0,0,0,23,1,1
29.0,18.200000,29.000000,489,2017,7,10/22,28,San Francisco 49ers,127,Dak Prescott,QB,9,Dallas Cowboys,16,25,64.00,234,3,0,0,134.00,4,26,1,0,0,22,2,1
29.0,18.200000,29.000000,488,2017,5,10/08,12,Green Bay Packers,127,Dak Prescott,QB,9,Dallas Cowboys,25,36,69.40,251,3,1,1,105.20,4,37,1,1,0,21,3,1
22.0,18.200000,22.000000,487,2017,4,10/01,18,Los Angeles Rams,127,Dak Prescott,QB,9,Dallas Cowboys,20,36,55.60,252,3,1,2,93.80,3,25,0,0,0,20,4,1
22.0,18.200000,22.000000,2,2017,3,09/25,1,Arizona Cardinals,127,Dak Prescott,QB,9,Dallas Cowboys,13,18,72.20,183,2,0,1,141.70,3,16,1,0,0,19,5,1
15.0,18.200000,15.000000,486,2017,2,09/17,10,Denver Broncos,127,Dak Prescott,QB,9,Dallas Cowboys,30,50,60.00,238,2,2,2,68.60,3,24,0,0,0,18,6,1
16.0,18.200000,16.000000,1236,2017,1,09/10,23,New York Giants,127,Dak Prescott,QB,9,Dallas Cowboys,24,39,61.50,268,1,0,1,90.50,3,24,0,0,0,17,7,1
1.0,18.200000,1.000000,510,2016,17,01/01,26,Philadelphia Eagles,127,Dak Prescott,QB,9,Dallas Cowboys,4,8,50.00,37,0,0,0,63.00,1,9,0,0,0,16,8,1
23.0,18.200000,23.000000,509,2016,16,12/26,11,Detroit Lions,127,Dak Prescott,QB,9,Dallas Cowboys,15,20,75.00,212,3,0,1,148.30,4,35,0,0,0,15,9,1
19.0,18.200000,19.000000,508,2016,15,12/18,30,Tampa Bay Buccaneers,127,Dak Prescott,QB,9,Dallas Cowboys,32,36,88.90,279,0,0,3,99.00,4,20,1,0,0,14,10,1
11.0,18.000000,11.000000,299,2017,8,10/29,6,Chicago Bears,332,Drew Brees,QB,22,New Orleans Saints,23,28,82.10,299,0,0,2,111.20,4,-2,0,0,0,69,1,1
19.0,18.000000,19.000000,663,2017,7,10/22,12,Green Bay Packers,332,Drew Brees,QB,22,New Orleans Saints,27,38,71.10,331,1,2,1,84.40,5,-1,1,0,0,68,2,1
11.0,18.000000,11.000000,615,2017,6,10/15,11,Detroit Lions,332,Drew Brees,QB,22,New Orleans Saints,20,30,66.70,186,2,2,0,77.90,1,1,0,0,0,67,3,1
18.0,18.000000,18.000000,966,2017,4,10/01,19,Miami Dolphins,332,Drew Brees,QB,22,New Orleans Saints,29,41,70.70,268,2,0,1,104.50,4,3,0,1,0,66,4,1
20.0,18.000000,20.000000,234,2017,3,09/24,5,Carolina Panthers,332,Drew Brees,QB,22,New Orleans Saints,22,29,75.90,220,3,0,1,131.40,0,0,0,0,0,65,5,1
22.0,18.000000,22.000000,1023,2017,2,09/17,21,New England Patriots,332,Drew Brees,QB,22,New Orleans Saints,27,45,60.00,356,2,0,1,99.90,0,0,0,1,0,64,6,1
15.0,18.000000,15.000000,1269,2017,1,09/11,20,Minnesota Vikings,332,Drew Brees,QB,22,New Orleans Saints,27,37,73.00,291,1,0,1,104.70,0,0,0,0,0,63,7,1
20.0,18.000000,20.000000,104,2016,17,01/01,2,Atlanta Falcons,332,Drew Brees,QB,22,New Orleans Saints,29,50,58.00,350,2,1,2,84.60,0,0,0,0,0,62,8,1
15.0,18.000000,15.000000,1058,2016,16,12/24,30,Tampa Bay Buccaneers,332,Drew Brees,QB,22,New Orleans Saints,23,34,67.60,299,1,0,2,104.90,4,1,0,0,0,61,9,1
29.0,18.000000,29.000000,28,2016,15,12/18,1,Arizona Cardinals,332,Drew Brees,QB,22,New Orleans Saints,37,48,77.10,389,4,0,3,127.90,2,-2,0,1,1,60,10,1
10.0,17.500000,10.000000,490,2017,8,10/29,9,Dallas Cowboys,487,Kirk Cousins,QB,32,Washington Redskins,26,39,66.70,263,1,1,4,83.60,1,0,0,2,1,49,1,1
23.0,17.500000,16.500000,1139,2017,7,10/23,26,Philadelphia Eagles,487,Kirk Cousins,QB,32,Washington Redskins,30,40,75.00,303,3,1,4,110.70,3,18,0,0,0,48,2,1
27.0,17.500000,27.000000,1176,2017,6,10/15,28,San Francisco 49ers,487,Kirk Cousins,QB,32,Washington Redskins,25,37,67.60,330,2,1,1,102.30,4,26,1,0,0,47,3,1
19.0,17.500000,19.000000,844,2017,4,10/02,16,Kansas City Chiefs,487,Kirk Cousins,QB,32,Washington Redskins,14,24,58.30,220,2,0,0,116.70,7,38,0,1,0,46,4,1
26.0,17.500000,26.000000,1125,2017,3,09/24,25,Oakland Raiders,487,Kirk Cousins,QB,32,Washington Redskins,25,30,83.30,365,3,0,1,150.70,1,2,0,0,0,45,5,1
11.0,17.500000,11.000000,922,2017,2,09/17,18,Los Angeles Rams,487,Kirk Cousins,QB,32,Washington Redskins,18,27,66.70,179,1,0,2,97.60,3,7,0,2,0,44,6,1
10.0,17.500000,16.500000,1277,2017,1,09/10,26,Philadelphia Eagles,487,Kirk Cousins,QB,32,Washington Redskins,23,40,57.50,240,1,1,4,72.90,4,30,0,2,2,43,7,2
11.0,17.500000,11.000000,1088,2016,17,01/01,23,New York Giants,487,Kirk Cousins,QB,32,Washington Redskins,22,35,62.90,287,1,2,4,74.30,0,0,0,0,0,42,8,1
29.0,17.500000,29.000000,321,2016,16,12/24,6,Chicago Bears,487,Kirk Cousins,QB,32,Washington Redskins,18,29,62.10,270,1,0,0,104.10,5,30,2,0,0,41,9,1
9.0,17.500000,9.000000,256,2016,15,12/19,5,Carolina Panthers,487,Kirk Cousins,QB,32,Washington Redskins,32,47,68.10,315,0,1,1,77.90,2,11,0,1,1,40,10,1
15.0,16.000000,15.000000,81,2017,8,10/29,24,New York Jets,19,Matt Ryan,QB,2,Atlanta Falcons,18,29,62.10,254,2,0,1,113.30,6,17,0,3,2,70,1,1
16.0,16.000000,16.000000,80,2017,7,10/22,21,New England Patriots,19,Matt Ryan,QB,2,Atlanta Falcons,23,33,69.70,233,1,0,1,99.70,3,37,0,0,0,69,2,1
11.0,16.000000,11.000000,79,2017,6,10/15,19,Miami Dolphins,19,Matt Ryan,QB,2,Atlanta Falcons,24,35,68.60,248,1,1,2,86.40,0,0,0,0,0,68,3,1
7.0,16.000000,7.000000,78,2017,4,10/01,4,Buffalo Bills,19,Matt Ryan,QB,2,Atlanta Falcons,24,42,57.10,242,1,2,1,61.80,1,8,0,1,1,67,4,1
13.0,16.000000,13.000000,77,2017,3,09/24,11,Detroit Lions,19,Matt Ryan,QB,2,Atlanta Falcons,24,35,68.60,294,2,3,2,77.60,1,-1,0,0,0,66,5,1
14.0,16.000000,14.000000,76,2017,2,09/17,12,Green Bay Packers,19,Matt Ryan,QB,2,Atlanta Falcons,19,28,67.90,252,1,0,3,108.00,1,8,0,0,0,65,6,1
17.0,16.000000,17.000000,1206,2017,1,09/10,6,Chicago Bears,19,Matt Ryan,QB,2,Atlanta Falcons,21,30,70.00,321,1,0,2,116.10,3,11,0,0,0,64,7,1
29.0,16.000000,29.000000,104,2016,17,01/01,22,New Orleans Saints,19,Matt Ryan,QB,2,Atlanta Falcons,27,36,75.00,331,4,0,1,139.90,2,2,0,0,0,63,8,1
19.0,16.000000,19.000000,103,2016,16,12/24,5,Carolina Panthers,19,Matt Ryan,QB,2,Atlanta Falcons,27,33,81.80,277,2,0,4,121.80,2,9,0,1,0,62,9,1
19.0,16.000000,19.000000,102,2016,15,12/18,28,San Francisco 49ers,19,Matt Ryan,QB,2,Atlanta Falcons,17,23,73.90,286,2,0,1,144.50,1,-1,0,0,0,61,10,1
16.0,15.900000,16.000000,167,2017,8,10/29,25,Oakland Raiders,49,Tyrod Taylor,QB,4,Buffalo Bills,20,27,74.10,165,1,0,0,101.60,6,1,1,0,0,40,1,1
19.0,15.900000,19.000000,166,2017,7,10/22,30,Tampa Bay Buccaneers,49,Tyrod Taylor,QB,4,Buffalo Bills,20,33,60.60,268,1,0,1,96.50,6,53,0,0,0,39,2,1
8.0,15.900000,8.000000,165,2017,5,10/08,7,Cincinnati Bengals,49,Tyrod Taylor,QB,4,Buffalo Bills,20,37,54.10,166,1,1,6,63.60,1,3,0,0,0,38,3,1
12.0,15.900000,12.000000,78,2017,4,10/01,2,Atlanta Falcons,49,Tyrod Taylor,QB,4,Buffalo Bills,12,20,60.00,182,1,0,3,106.70,7,12,0,0,0,37,4,1
17.0,15.900000,17.000000,164,2017,3,09/24,10,Denver Broncos,49,Tyrod Taylor,QB,4,Buffalo Bills,20,26,76.90,213,2,0,4,126.00,8,13,0,0,0,36,5,1
10.0,15.900000,10.000000,163,2017,2,09/17,5,Carolina Panthers,49,Tyrod Taylor,QB,4,Buffalo Bills,17,25,68.00,125,0,0,3,79.60,8,55,0,0,0,35,6,1
17.0,15.900000,17.000000,1216,2017,1,09/10,24,New York Jets,49,Tyrod Taylor,QB,4,Buffalo Bills,16,28,57.10,224,2,1,2,92.00,8,38,0,0,0,34,7,1
31.0,15.900000,31.000000,188,2016,16,12/24,19,Miami Dolphins,49,Tyrod Taylor,QB,4,Buffalo Bills,26,39,66.70,329,3,0,2,118.40,12,60,0,0,0,33,8,1
14.0,15.900000,14.000000,187,2016,15,12/18,8,Cleveland Browns,49,Tyrod Taylor,QB,4,Buffalo Bills,17,24,70.80,174,1,0,1,105.20,7,49,0,0,0,32,9,1
15.0,15.900000,15.000000,186,2016,14,12/11,27,Pittsburgh Steelers,49,Tyrod Taylor,QB,4,Buffalo Bills,15,25,60.00,228,2,1,5,100.10,3,2,0,0,0,31,10,1
2.0,15.300000,11.000000,6,2017,7,10/22,18,Los Angeles Rams,1,Carson Palmer,QB,1,Arizona Cardinals,10,18,55.60,122,0,1,1,53.50,0,0,0,0,0,60,1,1
21.0,15.300000,21.000000,5,2017,6,10/15,30,Tampa Bay Buccaneers,1,Carson Palmer,QB,1,Arizona Cardinals,18,22,81.80,283,3,1,2,139.40,5,-4,0,1,0,59,2,1
15.0,15.300000,15.000000,4,2017,5,10/08,26,Philadelphia Eagles,1,Carson Palmer,QB,1,Arizona Cardinals,28,44,63.60,291,1,0,2,90.20,0,0,0,0,0,58,3,1
16.0,15.300000,16.000000,3,2017,4,10/01,28,San Francisco 49ers,1,Carson Palmer,QB,1,Arizona Cardinals,33,51,64.70,357,1,1,6,83.50,2,1,0,0,0,57,4,1
21.0,15.300000,21.000000,2,2017,3,09/25,9,Dallas Cowboys,1,Carson Palmer,QB,1,Arizona Cardinals,29,48,60.40,325,2,0,6,94.50,3,7,0,0,0,56,5,1
15.0,15.300000,15.000000,1,2017,2,09/17,14,Indianapolis Colts,1,Carson Palmer,QB,1,Arizona Cardinals,19,36,52.80,332,1,1,4,82.20,3,6,0,1,0,55,6,1
8.0,15.300000,8.000000,1201,2017,1,09/10,11,Detroit Lions,1,Carson Palmer,QB,1,Arizona Cardinals,27,48,56.30,268,1,3,1,53.10,1,2,0,0,0,54,7,1
20.0,15.300000,11.000000,30,2016,17,01/01,18,Los Angeles Rams,1,Carson Palmer,QB,1,Arizona Cardinals,20,38,52.60,255,3,1,1,89.30,0,0,0,0,0,53,8,2
15.0,15.300000,15.000000,29,2016,16,12/24,29,Seattle Seahawks,1,Carson Palmer,QB,1,Arizona Cardinals,16,26,61.50,284,1,0,1,111.70,1,-1,0,0,0,52,9,1
20.0,15.300000,20.000000,28,2016,15,12/18,22,New Orleans Saints,1,Carson Palmer,QB,1,Arizona Cardinals,28,40,70.00,318,2,0,1,110.20,0,0,0,0,0,51,10,1
17.0,14.700000,17.000000,616,2017,8,10/29,27,Pittsburgh Steelers,162,Matthew Stafford,QB,11,Detroit Lions,27,45,60.00,423,0,0,2,91.20,1,11,0,0,0,71,1,1
14.0,14.700000,14.000000,615,2017,6,10/15,22,New Orleans Saints,162,Matthew Stafford,QB,11,Detroit Lions,25,52,48.10,312,3,3,5,62.30,2,4,0,2,2,70,2,1
15.0,14.700000,15.000000,236,2017,5,10/08,5,Carolina Panthers,162,Matthew Stafford,QB,11,Detroit Lions,23,35,65.70,229,2,0,6,103.20,0,0,0,2,1,69,3,1
8.0,14.700000,8.000000,614,2017,4,10/01,20,Minnesota Vikings,162,Matthew Stafford,QB,11,Detroit Lions,19,31,61.30,209,0,0,6,81.20,3,-3,0,1,0,68,4,1
15.0,14.700000,15.000000,77,2017,3,09/24,2,Atlanta Falcons,162,Matthew Stafford,QB,11,Detroit Lions,25,45,55.60,264,1,0,2,80.20,2,19,0,0,0,67,5,1
12.0,14.700000,10.500000,613,2017,2,09/18,23,New York Giants,162,Matthew Stafford,QB,11,Detroit Lions,15,21,71.40,122,2,0,3,117.60,3,23,0,1,1,66,6,1
26.0,14.700000,26.000000,1201,2017,1,09/10,1,Arizona Cardinals,162,Matthew Stafford,QB,11,Detroit Lions,29,41,70.70,292,4,1,1,113.10,2,14,0,0,0,65,7,1
19.0,14.700000,19.000000,632,2016,17,01/01,12,Green Bay Packers,162,Matthew Stafford,QB,11,Detroit Lions,26,41,63.40,347,2,1,2,96.30,0,0,0,0,0,64,8,1
12.0,14.700000,12.000000,509,2016,16,12/26,9,Dallas Cowboys,162,Matthew Stafford,QB,11,Detroit Lions,26,46,56.50,260,0,1,4,63.70,1,1,1,1,1,63,9,1
9.0,14.700000,10.500000,631,2016,15,12/18,23,New York Giants,162,Matthew Stafford,QB,11,Detroit Lions,24,39,61.50,273,0,1,1,71.80,2,13,0,0,0,62,10,2
10.0,14.700000,10.000000,890,2017,8,10/29,21,New England Patriots,254,Philip Rivers,QB,17,Los Angeles Chargers,17,30,56.70,212,1,1,1,76.00,0,0,0,1,0,69,1,1
15.0,14.700000,16.000000,552,2017,7,10/22,10,Denver Broncos,254,Philip Rivers,QB,17,Los Angeles Chargers,15,26,57.70,183,2,0,3,105.10,0,0,0,0,0,68,2,1
14.0,14.700000,14.000000,889,2017,6,10/15,25,Oakland Raiders,254,Philip Rivers,QB,17,Los Angeles Chargers,25,36,69.40,268,1,0,1,100.20,2,-4,0,0,0,67,3,1
20.0,14.700000,20.000000,888,2017,5,10/08,23,New York Giants,254,Philip Rivers,QB,17,Los Angeles Chargers,21,44,47.70,258,3,1,0,79.50,4,5,0,1,0,66,4,1
19.0,14.700000,19.000000,887,2017,4,10/01,26,Philadelphia Eagles,254,Philip Rivers,QB,17,Los Angeles Chargers,22,38,57.90,347,2,0,2,105.90,0,0,0,1,1,65,5,1
3.0,14.700000,8.500000,843,2017,3,09/24,16,Kansas City Chiefs,254,Philip Rivers,QB,17,Los Angeles Chargers,20,40,50.00,237,0,3,2,37.20,0,0,0,0,0,64,6,1
17.0,14.700000,17.000000,886,2017,2,09/17,19,Miami Dolphins,254,Philip Rivers,QB,17,Los Angeles Chargers,31,39,79.50,331,1,0,1,110.60,1,0,0,0,0,63,7,1
17.0,14.700000,16.000000,1241,2017,1,09/11,10,Denver Broncos,254,Philip Rivers,QB,17,Los Angeles Chargers,22,33,66.70,192,3,1,1,99.60,0,0,0,0,0,62,8,2
14.0,14.700000,8.500000,859,2016,17,01/01,16,Kansas City Chiefs,254,Philip Rivers,QB,17,Los Angeles Chargers,22,38,57.90,269,2,2,0,75.40,1,1,0,0,0,61,9,2
18.0,14.700000,18.000000,451,2016,16,12/24,8,Cleveland Browns,254,Philip Rivers,QB,17,Los Angeles Chargers,23,46,50.00,322,2,1,0,78.40,1,0,0,1,0,60,10,1
12.0,14.400000,9.500000,239,2017,8,10/29,30,Tampa Bay Buccaneers,68,Cam Newton,QB,5,Carolina Panthers,18,32,56.30,154,1,1,0,66.40,11,44,0,0,0,68,1,1
7.0,14.400000,7.000000,238,2017,7,10/22,6,Chicago Bears,68,Cam Newton,QB,5,Carolina Panthers,21,34,61.80,211,0,2,5,54.90,9,50,0,1,1,67,2,1
20.0,14.400000,20.000000,237,2017,6,10/12,26,Philadelphia Eagles,68,Cam Newton,QB,5,Carolina Panthers,28,52,53.80,239,1,3,2,48.50,11,71,1,0,0,66,3,1
26.0,14.400000,26.000000,236,2017,5,10/08,11,Detroit Lions,68,Cam Newton,QB,5,Carolina Panthers,26,33,78.80,355,3,0,3,141.80,7,0,0,1,0,65,4,1
32.0,14.400000,32.000000,235,2017,4,10/01,21,New England Patriots,68,Cam Newton,QB,5,Carolina Panthers,22,29,75.90,316,3,1,2,130.80,8,44,1,0,0,64,5,1
7.0,14.400000,7.000000,234,2017,3,09/24,22,New Orleans Saints,68,Cam Newton,QB,5,Carolina Panthers,17,26,65.40,167,0,3,4,43.80,3,16,1,2,0,63,6,1
11.0,14.400000,11.000000,163,2017,2,09/17,4,Buffalo Bills,68,Cam Newton,QB,5,Carolina Panthers,20,32,62.50,228,0,0,6,83.90,5,27,0,0,0,62,7,1
12.0,14.400000,12.000000,1221,2017,1,09/10,28,San Francisco 49ers,68,Cam Newton,QB,5,Carolina Panthers,14,25,56.00,171,2,1,0,87.30,6,3,0,1,0,61,8,1
7.0,14.400000,9.500000,257,2016,17,01/01,30,Tampa Bay Buccaneers,68,Cam Newton,QB,5,Carolina Panthers,18,32,56.30,237,1,3,3,51.20,3,6,0,0,0,60,9,2
10.0,14.400000,10.000000,103,2016,16,12/24,2,Atlanta Falcons,68,Cam Newton,QB,5,Carolina Panthers,18,43,41.90,198,1,2,2,44.50,8,36,0,0,0,59,10,1
1.0,14.200000,11.500000,298,2017,5,10/09,6,Chicago Bears,301,Sam Bradford,QB,20,Minnesota Vikings,5,11,45.50,36,0,0,4,53.60,0,0,0,0,0,37,1,1
25.0,14.200000,25.000000,1269,2017,1,09/11,22,New Orleans Saints,301,Sam Bradford,QB,20,Minnesota Vikings,27,32,84.40,346,3,0,1,143.00,2,-3,0,0,0,36,2,1
22.0,14.200000,11.500000,322,2016,17,01/01,6,Chicago Bears,301,Sam Bradford,QB,20,Minnesota Vikings,25,33,75.80,250,3,1,0,114.50,1,24,0,0,0,35,3,2
25.0,14.200000,25.000000,675,2016,16,12/24,12,Green Bay Packers,301,Sam Bradford,QB,20,Minnesota Vikings,34,50,68.00,382,3,0,4,110.60,2,5,0,1,1,34,4,1
7.0,14.200000,7.000000,770,2016,15,12/18,14,Indianapolis Colts,301,Sam Bradford,QB,20,Minnesota Vikings,32,42,76.20,291,0,1,5,84.50,0,0,0,1,1,33,5,1
16.0,14.200000,16.000000,816,2016,14,12/11,15,Jacksonville Jaguars,301,Sam Bradford,QB,20,Minnesota Vikings,24,34,70.60,292,1,0,0,106.50,4,17,0,1,0,32,6,1
14.0,14.200000,14.000000,506,2016,13,12/01,9,Dallas Cowboys,301,Sam Bradford,QB,20,Minnesota Vikings,32,45,71.10,247,1,0,2,91.60,2,10,0,1,0,31,7,1
6.0,14.200000,6.000000,629,2016,12,11/24,11,Detroit Lions,301,Sam Bradford,QB,20,Minnesota Vikings,31,37,83.80,224,0,1,0,80.60,0,0,0,0,0,30,8,1
8.0,14.200000,8.000000,24,2016,11,11/20,1,Arizona Cardinals,301,Sam Bradford,QB,20,Minnesota Vikings,20,28,71.40,169,1,0,2,98.70,1,-1,0,1,1,29,9,1
18.0,14.200000,18.000000,1008,2016,10,11/13,32,Washington Redskins,301,Sam Bradford,QB,20,Minnesota Vikings,31,40,77.50,307,2,1,3,104.90,0,0,0,0,0,28,10,1
18.0,13.500000,18.000000,81,2017,8,10/29,2,Atlanta Falcons,363,Josh McCown,QB,24,New York Jets,26,33,78.80,257,2,0,3,119.30,1,0,0,2,0,40,1,1
24.0,13.500000,18.500000,968,2017,7,10/22,19,Miami Dolphins,363,Josh McCown,QB,24,New York Jets,17,27,63.00,209,3,1,3,108.40,3,1,1,0,0,39,2,1
20.0,13.500000,20.000000,1025,2017,6,10/15,21,New England Patriots,363,Josh McCown,QB,24,New York Jets,31,47,66.00,354,2,2,4,84.90,3,21,0,0,0,38,3,1
13.0,13.500000,13.000000,432,2017,5,10/08,8,Cleveland Browns,363,Josh McCown,QB,24,New York Jets,23,30,76.70,194,2,1,3,101.30,3,-3,0,0,0,37,4,1
4.0,13.500000,4.000000,804,2017,4,10/01,15,Jacksonville Jaguars,363,Josh McCown,QB,24,New York Jets,22,31,71.00,224,0,1,5,77.90,1,0,0,3,1,36,5,1
13.0,13.500000,18.500000,965,2017,3,09/24,19,Miami Dolphins,363,Josh McCown,QB,24,New York Jets,18,23,78.30,249,1,0,2,126.30,4,7,0,2,0,35,6,2
15.0,13.500000,15.000000,1109,2017,2,09/17,25,Oakland Raiders,363,Josh McCown,QB,24,New York Jets,16,24,66.70,166,2,0,4,114.20,4,31,0,1,1,34,7,1
9.0,13.500000,9.000000,1216,2017,1,09/10,4,Buffalo Bills,363,Josh McCown,QB,24,New York Jets,26,39,66.70,187,0,2,1,56.20,2,0,1,0,0,33,8,1
12.0,13.500000,12.000000,450,2016,12,11/27,23,New York Giants,363,Josh McCown,QB,8,Cleveland Browns,25,43,58.10,322,1,0,7,89.50,0,0,0,2,2,32,9,1
7.0,13.500000,7.000000,449,2016,11,11/20,27,Pittsburgh Steelers,363,Josh McCown,QB,8,Cleveland Browns,14,27,51.90,118,1,0,4,75.80,2,11,0,1,1,31,10,1
12.0,13.400000,12.000000,167,2017,8,10/29,4,Buffalo Bills,379,Derek Carr,QB,25,Oakland Raiders,31,49,63.30,313,1,2,0,71.20,0,0,0,0,0,54,1,1
29.0,13.400000,16.500000,846,2017,7,10/19,16,Kansas City Chiefs,379,Derek Carr,QB,25,Oakland Raiders,29,52,55.80,417,3,0,0,101.20,1,15,0,0,0,53,2,1
6.0,13.400000,8.000000,889,2017,6,10/15,17,Los Angeles Chargers,379,Derek Carr,QB,25,Oakland Raiders,21,30,70.00,171,1,2,1,67.50,1,0,0,1,0,52,3,1
9.0,13.400000,9.000000,550,2017,4,10/01,10,Denver Broncos,379,Derek Carr,QB,25,Oakland Raiders,10,18,55.60,143,1,0,2,100.00,0,0,0,0,0,51,4,1
4.0,13.400000,4.000000,1125,2017,3,09/24,32,Washington Redskins,379,Derek Carr,QB,25,Oakland Raiders,19,31,61.30,118,1,2,4,52.90,2,5,0,0,0,50,5,1
21.0,13.400000,21.000000,1109,2017,2,09/17,24,New York Jets,379,Derek Carr,QB,25,Oakland Raiders,23,28,82.10,230,3,0,0,136.60,0,0,0,0,0,49,6,1
18.0,13.400000,18.000000,1276,2017,1,09/10,31,Tennessee Titans,379,Derek Carr,QB,25,Oakland Raiders,22,32,68.80,262,2,0,2,114.30,2,2,0,1,0,48,7,1
21.0,13.400000,21.000000,771,2016,16,12/24,14,Indianapolis Colts,379,Derek Carr,QB,25,Oakland Raiders,21,31,67.70,232,3,0,1,122.00,1,8,0,0,0,47,8,1
10.0,13.400000,8.000000,899,2016,15,12/18,17,Los Angeles Chargers,379,Derek Carr,QB,25,Oakland Raiders,19,30,63.30,213,1,1,2,81.70,5,5,0,0,0,46,9,2
4.0,13.400000,16.500000,857,2016,14,12/08,16,Kansas City Chiefs,379,Derek Carr,QB,25,Oakland Raiders,17,41,41.50,117,0,0,1,49.10,2,3,0,0,0,45,10,2
3.0,13.300000,6.000000,239,2017,8,10/29,5,Carolina Panthers,458,Jameis Winston,QB,30,Tampa Bay Buccaneers,21,38,55.30,210,0,2,3,49.20,3,13,0,1,1,38,1,1
23.0,13.300000,23.000000,166,2017,7,10/22,4,Buffalo Bills,458,Jameis Winston,QB,30,Tampa Bay Buccaneers,32,44,72.70,384,3,1,1,112.30,1,0,0,2,1,37,2,1
2.0,13.300000,2.000000,5,2017,6,10/15,1,Arizona Cardinals,458,Jameis Winston,QB,30,Tampa Bay Buccaneers,5,10,50.00,61,0,0,0,69.20,0,0,0,0,0,36,3,1
18.0,13.300000,18.000000,1024,2017,5,10/05,21,New England Patriots,458,Jameis Winston,QB,30,Tampa Bay Buccaneers,26,46,56.50,334,1,0,2,86.70,3,11,0,2,0,35,4,1
26.0,13.300000,26.000000,1076,2017,4,10/01,23,New York Giants,458,Jameis Winston,QB,30,Tampa Bay Buccaneers,22,38,57.90,332,3,0,1,113.00,4,12,0,1,0,34,5,1
15.0,13.300000,15.000000,1004,2017,3,09/24,20,Minnesota Vikings,458,Jameis Winston,QB,30,Tampa Bay Buccaneers,28,40,70.00,328,2,3,2,80.00,1,4,0,2,0,33,6,1
12.0,13.300000,12.000000,295,2017,2,09/17,6,Chicago Bears,458,Jameis Winston,QB,30,Tampa Bay Buccaneers,18,30,60.00,204,1,0,2,91.50,1,3,0,0,0,32,7,1
9.0,13.300000,6.000000,257,2016,17,01/01,5,Carolina Panthers,458,Jameis Winston,QB,30,Tampa Bay Buccaneers,20,35,57.10,202,1,1,3,71.40,3,18,0,1,1,31,8,2
16.0,13.300000,16.000000,1058,2016,16,12/24,22,New Orleans Saints,458,Jameis Winston,QB,30,Tampa Bay Buccaneers,23,35,65.70,277,2,2,2,85.10,3,14,0,0,0,30,9,1
9.0,13.300000,9.000000,508,2016,15,12/18,9,Dallas Cowboys,458,Jameis Winston,QB,30,Tampa Bay Buccaneers,17,35,48.60,247,2,3,4,55.30,1,6,0,2,1,29,10,1
14.0,13.200000,14.000000,616,2017,8,10/29,11,Detroit Lions,411,Ben Roethlisberger,QB,27,Pittsburgh Steelers,17,31,54.80,317,1,1,0,87.70,3,-2,0,0,0,65,1,1
16.0,13.200000,15.500000,368,2017,7,10/22,7,Cincinnati Bengals,411,Ben Roethlisberger,QB,27,Pittsburgh Steelers,14,24,58.30,224,2,0,0,117.40,3,-3,0,0,0,64,2,1
12.0,13.200000,12.000000,845,2017,6,10/15,16,Kansas City Chiefs,411,Ben Roethlisberger,QB,27,Pittsburgh Steelers,17,25,68.00,252,1,1,1,97.40,2,-2,0,0,0,63,3,1
2.0,13.200000,2.000000,805,2017,5,10/08,15,Jacksonville Jaguars,411,Ben Roethlisberger,QB,27,Pittsburgh Steelers,33,55,60.00,312,0,5,2,37.80,1,1,0,0,0,62,4,1
10.0,13.200000,14.500000,150,2017,4,10/01,3,Baltimore Ravens,411,Ben Roethlisberger,QB,27,Pittsburgh Steelers,18,30,60.00,216,1,1,1,79.30,1,-1,0,0,0,61,5,1
11.0,13.200000,11.000000,296,2017,3,09/24,6,Chicago Bears,411,Ben Roethlisberger,QB,27,Pittsburgh Steelers,22,39,56.40,235,1,0,3,82.70,1,6,0,1,1,60,6,1
17.0,13.200000,17.000000,1003,2017,2,09/17,20,Minnesota Vikings,411,Ben Roethlisberger,QB,27,Pittsburgh Steelers,23,35,65.70,243,2,0,2,104.80,2,-2,0,0,0,59,7,1
16.0,13.200000,16.000000,1231,2017,1,09/10,8,Cleveland Browns,411,Ben Roethlisberger,QB,27,Pittsburgh Steelers,24,36,66.70,263,2,1,1,95.00,3,-8,0,0,0,58,8,1
19.0,13.200000,14.500000,1160,2016,16,12/25,3,Baltimore Ravens,411,Ben Roethlisberger,QB,27,Pittsburgh Steelers,24,33,72.70,279,3,2,0,103.00,1,-1,0,0,0,57,9,2
15.0,13.200000,15.500000,388,2016,15,12/18,7,Cincinnati Bengals,411,Ben Roethlisberger,QB,27,Pittsburgh Steelers,21,36,58.30,286,1,0,1,93.10,4,-5,0,1,0,56,10,2
7.0,13.000000,7.000000,1077,2017,7,10/22,29,Seattle Seahawks,346,Eli Manning,QB,23,New York Giants,19,39,48.70,134,1,0,1,65.50,0,0,0,1,1,70,1,1
9.0,13.000000,9.000000,551,2017,6,10/15,10,Denver Broncos,346,Eli Manning,QB,23,New York Giants,11,19,57.90,128,1,0,3,95.90,1,0,0,1,0,69,2,1
13.0,13.000000,13.000000,888,2017,5,10/08,17,Los Angeles Chargers,346,Eli Manning,QB,23,New York Giants,21,36,58.30,225,2,1,5,83.70,0,0,0,2,1,68,3,1
27.0,13.000000,27.000000,1076,2017,4,10/01,30,Tampa Bay Buccaneers,346,Eli Manning,QB,23,New York Giants,30,49,61.20,288,2,0,0,91.20,3,22,1,0,0,67,4,1
22.0,13.000000,17.000000,1075,2017,3,09/24,26,Philadelphia Eagles,346,Eli Manning,QB,23,New York Giants,35,47,74.50,366,3,2,0,100.10,0,0,0,0,0,66,5,1
11.0,13.000000,13.500000,613,2017,2,09/18,11,Detroit Lions,346,Eli Manning,QB,23,New York Giants,22,32,68.80,239,1,1,5,87.90,0,0,0,1,0,65,6,1
6.0,13.000000,6.000000,1236,2017,1,09/10,9,Dallas Cowboys,346,Eli Manning,QB,23,New York Giants,29,38,76.30,220,0,1,3,78.80,1,-1,0,0,0,64,7,1
7.0,13.000000,7.000000,1088,2016,17,01/01,32,Washington Redskins,346,Eli Manning,QB,23,New York Giants,17,27,63.00,180,0,0,1,82.30,0,0,0,0,0,63,8,1
12.0,13.000000,17.000000,1087,2016,16,12/22,26,Philadelphia Eagles,346,Eli Manning,QB,23,New York Giants,38,63,60.30,356,1,3,0,61.30,0,0,0,0,0,62,9,2
16.0,13.000000,13.500000,631,2016,15,12/18,11,Detroit Lions,346,Eli Manning,QB,23,New York Giants,20,28,71.40,201,2,0,2,115.30,0,0,0,0,0,61,10,2
15.0,12.400000,15.000000,369,2017,8,10/29,7,Cincinnati Bengals,212,Jacoby Brissett,QB,14,Indianapolis Colts,25,39,64.10,233,2,1,4,86.80,1,6,0,0,0,11,1,1
11.0,12.400000,11.000000,759,2017,7,10/22,15,Jacksonville Jaguars,212,Jacoby Brissett,QB,14,Indianapolis Colts,22,37,59.50,200,0,0,10,74.20,5,31,0,2,0,10,2,1
13.0,12.400000,13.000000,758,2017,6,10/16,31,Tennessee Titans,212,Jacoby Brissett,QB,14,Indianapolis Colts,21,37,56.80,212,1,0,1,82.30,4,15,0,0,0,9,3,1
17.0,12.400000,17.000000,757,2017,5,10/08,28,San Francisco 49ers,212,Jacoby Brissett,QB,14,Indianapolis Colts,22,34,64.70,314,0,1,4,82.20,8,14,1,0,0,8,4,1
9.0,12.400000,9.000000,756,2017,4,10/01,29,Seattle Seahawks,212,Jacoby Brissett,QB,14,Indianapolis Colts,16,29,55.20,157,1,1,3,67.70,3,33,0,2,1,7,5,1
27.0,12.400000,27.000000,431,2017,3,09/24,8,Cleveland Browns,212,Jacoby Brissett,QB,14,Indianapolis Colts,17,24,70.80,259,1,0,3,120.00,5,14,2,0,0,6,6,1
8.0,12.400000,8.000000,1,2017,2,09/17,1,Arizona Cardinals,212,Jacoby Brissett,QB,14,Indianapolis Colts,20,37,54.10,216,0,1,4,60.20,6,22,0,1,0,5,7,1
2.0,12.400000,2.000000,1255,2017,1,09/10,18,Los Angeles Rams,212,Jacoby Brissett,QB,14,Indianapolis Colts,2,3,66.70,51,0,0,0,109.70,0,0,0,0,0,4,8,1
8.0,12.400000,8.000000,177,2016,4,10/02,4,Buffalo Bills,212,Jacoby Brissett,QB,21,New England Patriots,17,27,63.00,205,0,0,3,86.20,4,23,0,2,1,3,9,1
14.0,12.400000,14.000000,711,2016,3,09/22,13,Houston Texans,212,Jacoby Brissett,QB,21,New England Patriots,11,19,57.90,103,0,0,1,72.90,8,48,1,0,0,2,10,1
8.0,12.400000,8.000000,434,2017,7,10/22,8,Cleveland Browns,473,Marcus Mariota,QB,31,Tennessee Titans,21,34,61.80,203,0,0,2,78.40,1,8,0,0,0,31,1,1
14.0,12.400000,14.000000,758,2017,6,10/16,14,Indianapolis Colts,473,Marcus Mariota,QB,31,Tennessee Titans,23,32,71.90,306,1,1,1,99.20,2,0,0,0,0,30,2,1
14.0,12.400000,14.000000,700,2017,4,10/01,13,Houston Texans,473,Marcus Mariota,QB,31,Tennessee Titans,6,10,60.00,96,0,2,0,52.50,4,39,2,0,0,29,3,1
19.0,12.400000,19.000000,1192,2017,3,09/24,29,Seattle Seahawks,473,Marcus Mariota,QB,31,Tennessee Titans,20,32,62.50,225,2,0,0,104.30,7,27,0,0,0,28,4,1
12.0,12.400000,9.500000,803,2017,2,09/17,15,Jacksonville Jaguars,473,Marcus Mariota,QB,31,Tennessee Titans,15,27,55.60,215,1,1,1,78.50,6,24,0,0,0,27,5,1
18.0,12.400000,18.000000,1276,2017,1,09/10,25,Oakland Raiders,473,Marcus Mariota,QB,31,Tennessee Titans,25,41,61.00,256,0,0,1,78.90,3,26,1,0,0,26,6,1
7.0,12.400000,9.500000,817,2016,16,12/24,15,Jacksonville Jaguars,473,Marcus Mariota,QB,31,Tennessee Titans,8,20,40.00,99,1,0,2,72.70,2,3,0,0,0,25,7,2
5.0,12.400000,5.000000,858,2016,15,12/18,16,Kansas City Chiefs,473,Marcus Mariota,QB,31,Tennessee Titans,19,33,57.60,241,0,1,1,67.90,1,-2,0,1,1,24,8,1
6.0,12.400000,6.000000,571,2016,14,12/11,10,Denver Broncos,473,Marcus Mariota,QB,31,Tennessee Titans,6,20,30.00,88,0,0,2,45.40,8,38,0,1,0,23,9,1
21.0,12.400000,21.000000,317,2016,12,11/27,6,Chicago Bears,473,Marcus Mariota,QB,31,Tennessee Titans,15,23,65.20,226,2,0,0,126.40,4,46,0,0,0,22,10,1
18.0,12.200000,18.000000,369,2017,8,10/29,14,Indianapolis Colts,95,Andy Dalton,QB,7,Cincinnati Bengals,17,29,58.60,243,2,0,3,108.80,3,10,0,0,0,67,1,1
9.0,12.200000,9.500000,368,2017,7,10/22,27,Pittsburgh Steelers,95,Andy Dalton,QB,7,Cincinnati Bengals,17,30,56.70,140,2,2,4,63.20,3,8,0,0,0,66,2,1
13.0,12.200000,13.000000,165,2017,5,10/08,4,Buffalo Bills,95,Andy Dalton,QB,7,Cincinnati Bengals,22,36,61.10,328,1,2,1,77.10,5,2,0,0,0,65,3,1
27.0,12.200000,27.000000,367,2017,4,10/01,8,Cleveland Browns,95,Andy Dalton,QB,7,Cincinnati Bengals,25,30,83.30,286,4,0,3,146.00,4,29,0,1,1,64,4,1
16.0,12.200000,16.000000,366,2017,3,09/24,12,Green Bay Packers,95,Andy Dalton,QB,7,Cincinnati Bengals,21,27,77.80,212,2,0,3,124.10,2,-2,0,0,0,63,5,1
8.0,12.200000,10.000000,365,2017,2,09/14,13,Houston Texans,95,Andy Dalton,QB,7,Cincinnati Bengals,20,35,57.10,224,0,0,3,76.40,2,5,0,0,0,62,6,1
-4.0,12.200000,4.500000,1211,2017,1,09/10,3,Baltimore Ravens,95,Andy Dalton,QB,7,Cincinnati Bengals,16,31,51.60,170,0,4,5,28.40,1,2,0,1,1,61,7,1
13.0,12.200000,4.500000,390,2016,17,01/01,3,Baltimore Ravens,95,Andy Dalton,QB,7,Cincinnati Bengals,18,28,64.30,226,1,0,1,101.20,4,4,0,0,0,60,8,2
12.0,12.200000,10.000000,389,2016,16,12/24,13,Houston Texans,95,Andy Dalton,QB,7,Cincinnati Bengals,28,41,68.30,268,1,1,3,84.20,0,0,0,0,0,59,9,2
10.0,12.200000,9.500000,388,2016,15,12/18,27,Pittsburgh Steelers,95,Andy Dalton,QB,7,Cincinnati Bengals,16,27,59.30,157,0,1,1,60.30,1,1,1,0,0,58,10,2
1.0,12.200000,1.000000,318,2016,13,12/04,6,Chicago Bears,3,Blaine Gabbert,QB,28,San Francisco 49ers,4,10,40.00,35,0,0,1,50.00,1,1,0,0,0,18,1,1
19.0,12.200000,19.000000,19,2016,5,10/06,1,Arizona Cardinals,3,Blaine Gabbert,QB,28,San Francisco 49ers,18,31,58.10,162,1,2,7,56.10,10,70,1,0,0,17,2,1
11.0,12.200000,11.000000,500,2016,4,10/02,9,Dallas Cowboys,3,Blaine Gabbert,QB,28,San Francisco 49ers,16,23,69.60,196,1,1,1,91.90,12,27,0,0,0,16,3,1
4.0,12.200000,4.000000,1179,2016,3,09/25,29,Seattle Seahawks,3,Blaine Gabbert,QB,28,San Francisco 49ers,14,25,56.00,119,0,1,0,51.90,5,22,0,0,0,15,4,1
20.0,12.200000,20.000000,246,2016,2,09/18,5,Carolina Panthers,3,Blaine Gabbert,QB,28,San Francisco 49ers,17,36,47.20,243,2,2,2,64.90,3,10,1,0,0,14,5,1
14.0,12.200000,15.000000,1262,2016,1,09/12,18,Los Angeles Rams,3,Blaine Gabbert,QB,28,San Francisco 49ers,22,35,62.90,170,1,0,0,84.20,9,43,0,0,0,13,6,1
16.0,12.200000,15.000000,948,2015,17,01/03,18,Los Angeles Rams,3,Blaine Gabbert,QB,28,San Francisco 49ers,28,44,63.60,354,1,1,1,86.70,7,7,0,2,0,12,7,2
15.0,12.200000,15.000000,643,2015,16,12/27,11,Detroit Lions,3,Blaine Gabbert,QB,28,San Francisco 49ers,22,33,66.70,225,2,0,3,106.20,1,9,0,1,1,11,8,1
10.0,12.200000,10.000000,401,2015,15,12/20,7,Cincinnati Bengals,3,Blaine Gabbert,QB,28,San Francisco 49ers,30,50,60.00,295,1,3,4,58.30,2,10,0,0,0,10,9,1
12.0,12.200000,12.000000,461,2015,14,12/13,8,Cleveland Browns,3,Blaine Gabbert,QB,28,San Francisco 49ers,18,28,64.30,194,1,0,9,96.40,3,19,0,1,0,9,10,1
16.0,12.100000,15.000000,759,2017,7,10/22,14,Indianapolis Colts,225,Blake Bortles,QB,15,Jacksonville Jaguars,18,26,69.20,330,1,0,1,124.70,4,11,0,1,1,53,1,1
12.0,12.100000,12.000000,806,2017,6,10/15,18,Los Angeles Rams,225,Blake Bortles,QB,15,Jacksonville Jaguars,23,35,65.70,241,1,1,5,83.20,2,19,0,2,0,52,2,1
1.0,12.100000,1.000000,805,2017,5,10/08,27,Pittsburgh Steelers,225,Blake Bortles,QB,15,Jacksonville Jaguars,8,14,57.10,95,0,1,2,48.20,1,9,0,0,0,51,3,1
10.0,12.100000,10.000000,804,2017,4,10/01,24,New York Jets,225,Blake Bortles,QB,15,Jacksonville Jaguars,15,35,42.90,140,1,1,1,52.10,4,38,0,0,0,50,4,1
26.0,12.100000,26.000000,149,2017,3,09/24,3,Baltimore Ravens,225,Blake Bortles,QB,15,Jacksonville Jaguars,20,31,64.50,244,4,0,0,128.20,3,18,0,0,0,49,5,1
8.0,12.100000,12.500000,803,2017,2,09/17,31,Tennessee Titans,225,Blake Bortles,QB,15,Jacksonville Jaguars,20,34,58.80,223,1,2,2,63.70,4,29,0,1,1,48,6,1
10.0,12.100000,8.500000,1251,2017,1,09/10,13,Houston Texans,225,Blake Bortles,QB,15,Jacksonville Jaguars,11,21,52.40,125,1,0,0,86.40,3,13,0,0,0,47,7,1
14.0,12.100000,15.000000,772,2016,17,01/01,14,Indianapolis Colts,225,Blake Bortles,QB,15,Jacksonville Jaguars,25,39,64.10,301,1,0,2,96.20,3,21,0,2,2,46,8,2
17.0,12.100000,12.500000,817,2016,16,12/24,31,Tennessee Titans,225,Blake Bortles,QB,15,Jacksonville Jaguars,26,38,68.40,325,1,0,2,103.50,3,7,0,1,0,45,9,2
7.0,12.100000,8.500000,719,2016,15,12/18,13,Houston Texans,225,Blake Bortles,QB,15,Jacksonville Jaguars,12,28,42.90,92,0,1,2,36.60,2,-5,1,0,0,44,10,2
1.0,11.600000,10.000000,683,2015,17,01/03,12,Green Bay Packers,302,Teddy Bridgewater,QB,20,Minnesota Vikings,10,19,52.60,99,0,1,3,45.70,2,2,0,1,0,29,1,1
11.0,11.600000,11.000000,1011,2015,16,12/27,23,New York Giants,302,Teddy Bridgewater,QB,20,Minnesota Vikings,15,25,60.00,168,1,0,3,93.40,2,12,0,0,0,28,2,1
32.0,11.600000,21.500000,334,2015,15,12/20,6,Chicago Bears,302,Teddy Bridgewater,QB,20,Minnesota Vikings,17,20,85.00,231,4,0,1,154.40,4,17,1,1,0,27,3,1
15.0,11.600000,15.000000,42,2015,14,12/10,1,Arizona Cardinals,302,Teddy Bridgewater,QB,20,Minnesota Vikings,25,36,69.40,335,1,0,3,108.00,1,3,0,1,1,26,4,1
2.0,11.600000,2.000000,1010,2015,13,12/06,29,Seattle Seahawks,302,Teddy Bridgewater,QB,20,Minnesota Vikings,17,28,60.70,118,0,1,4,55.40,1,2,0,1,0,25,5,1
4.0,11.600000,4.000000,114,2015,12,11/29,2,Atlanta Falcons,302,Teddy Bridgewater,QB,20,Minnesota Vikings,20,28,71.40,174,0,1,0,72.60,4,-3,0,0,0,24,6,1
19.0,11.600000,10.000000,681,2015,11,11/22,12,Green Bay Packers,302,Teddy Bridgewater,QB,20,Minnesota Vikings,25,37,67.60,296,1,0,6,100.70,4,43,0,0,0,23,7,2
11.0,11.600000,11.000000,1009,2015,10,11/15,25,Oakland Raiders,302,Teddy Bridgewater,QB,20,Minnesota Vikings,14,22,63.60,140,1,0,4,96.80,2,23,0,1,0,22,8,1
10.0,11.600000,10.000000,944,2015,9,11/08,18,Los Angeles Rams,302,Teddy Bridgewater,QB,20,Minnesota Vikings,13,21,61.90,144,0,1,0,62.40,3,17,1,0,0,21,9,1
11.0,11.600000,21.500000,327,2015,8,11/01,6,Chicago Bears,302,Teddy Bridgewater,QB,20,Minnesota Vikings,17,30,56.70,187,1,1,1,72.50,2,21,0,0,0,20,10,2
7.0,11.600000,6.000000,553,2017,8,10/30,16,Kansas City Chiefs,144,Trevor Siemian,QB,10,Denver Broncos,19,36,52.80,198,1,3,3,43.50,2,20,0,0,0,22,1,1
5.0,11.600000,13.000000,552,2017,7,10/22,17,Los Angeles Chargers,144,Trevor Siemian,QB,10,Denver Broncos,25,35,71.40,207,0,1,5,74.30,2,14,0,2,1,21,2,1
15.0,11.600000,15.000000,551,2017,6,10/15,23,New York Giants,144,Trevor Siemian,QB,10,Denver Broncos,29,50,58.00,376,1,2,4,71.80,1,9,0,1,0,20,3,1
11.0,11.600000,12.500000,550,2017,4,10/01,25,Oakland Raiders,144,Trevor Siemian,QB,10,Denver Broncos,16,26,61.50,179,1,0,4,94.90,4,1,0,0,0,19,4,1
7.0,11.600000,7.000000,164,2017,3,09/24,4,Buffalo Bills,144,Trevor Siemian,QB,10,Denver Broncos,24,40,60.00,259,0,2,3,58.20,3,12,0,1,0,18,5,1
22.0,11.600000,22.000000,486,2017,2,09/17,9,Dallas Cowboys,144,Trevor Siemian,QB,10,Denver Broncos,22,32,68.80,231,4,1,2,116.00,5,14,0,1,1,17,6,1
21.0,11.600000,13.000000,1241,2017,1,09/11,17,Los Angeles Chargers,144,Trevor Siemian,QB,10,Denver Broncos,17,28,60.70,219,2,1,4,94.20,6,19,1,0,0,16,7,2
14.0,11.600000,12.500000,574,2016,17,01/01,25,Oakland Raiders,144,Trevor Siemian,QB,10,Denver Broncos,17,27,63.00,206,2,1,0,95.60,2,-5,0,0,0,15,8,2
5.0,11.600000,6.000000,573,2016,16,12/25,16,Kansas City Chiefs,144,Trevor Siemian,QB,10,Denver Broncos,17,43,39.50,183,0,1,0,43.10,0,0,0,0,0,14,9,2
9.0,11.600000,9.000000,572,2016,15,12/18,21,New England Patriots,144,Trevor Siemian,QB,10,Denver Broncos,25,40,62.50,282,0,1,4,73.10,1,4,0,0,0,13,10,1
18.0,11.200000,11.000000,6,2017,7,10/22,1,Arizona Cardinals,270,Jared Goff,QB,18,Los Angeles Rams,22,37,59.50,235,1,1,1,75.80,2,13,1,0,0,14,1,1
8.0,11.200000,8.000000,806,2017,6,10/15,15,Jacksonville Jaguars,270,Jared Goff,QB,18,Los Angeles Rams,11,21,52.40,124,1,0,3,86.20,4,9,0,0,0,13,2,1
7.0,11.200000,6.000000,924,2017,5,10/08,29,Seattle Seahawks,270,Jared Goff,QB,18,Los Angeles Rams,22,47,46.80,288,0,2,2,48.90,1,22,0,1,1,12,3,1
18.0,11.200000,18.000000,487,2017,4,10/01,9,Dallas Cowboys,270,Jared Goff,QB,18,Los Angeles Rams,21,36,58.30,255,2,0,1,98.70,1,-1,0,1,0,11,4,1
23.0,11.200000,13.000000,923,2017,3,09/21,28,San Francisco 49ers,270,Jared Goff,QB,18,Los Angeles Rams,22,28,78.60,292,3,0,0,145.80,1,-1,0,0,0,10,5,1
10.0,11.200000,10.000000,922,2017,2,09/17,32,Washington Redskins,270,Jared Goff,QB,18,Los Angeles Rams,14,24,58.30,219,1,1,2,85.20,3,1,0,1,0,9,6,1
16.0,11.200000,16.000000,1255,2017,1,09/10,14,Indianapolis Colts,270,Jared Goff,QB,18,Los Angeles Rams,21,29,72.40,306,1,0,1,117.90,1,2,0,0,0,8,7,1
4.0,11.200000,11.000000,30,2016,17,01/01,1,Arizona Cardinals,270,Jared Goff,QB,18,Los Angeles Rams,13,20,65.00,120,0,0,7,81.20,0,0,0,2,0,7,8,2
3.0,11.200000,13.000000,940,2016,16,12/24,28,San Francisco 49ers,270,Jared Goff,QB,18,Los Angeles Rams,11,24,45.80,90,1,2,4,35.10,2,4,0,0,0,6,9,2
5.0,11.200000,6.000000,939,2016,15,12/15,29,Seattle Seahawks,270,Jared Goff,QB,18,Los Angeles Rams,13,25,52.00,135,0,0,4,67.90,0,0,0,1,0,5,10,2
.0,10.000000,.000000,149,2017,3,09/24,3,Baltimore Ravens,226,Chad Henne,QB,15,Jacksonville Jaguars,0,2,.00,0,0,0,0,39.60,3,-3,0,0,0,20,1,1
.0,10.000000,.000000,628,2016,11,11/20,11,Detroit Lions,226,Chad Henne,QB,15,Jacksonville Jaguars,0,0,.00,0,0,0,0,.00,1,-2,0,0,0,19,2,1
1.0,10.000000,8.000000,784,2014,3,09/21,14,Indianapolis Colts,226,Chad Henne,QB,15,Jacksonville Jaguars,4,7,57.10,33,0,0,3,69.30,0,0,0,0,0,18,3,1
10.0,10.000000,10.000000,827,2014,2,09/14,32,Washington Redskins,226,Chad Henne,QB,15,Jacksonville Jaguars,14,28,50.00,193,1,1,10,69.50,3,17,0,0,0,17,4,1
16.0,10.000000,16.000000,1257,2014,1,09/07,26,Philadelphia Eagles,226,Chad Henne,QB,15,Jacksonville Jaguars,24,43,55.80,266,2,0,3,89.90,1,8,0,1,1,16,5,1
15.0,10.000000,8.000000,802,2013,17,12/29,14,Indianapolis Colts,226,Chad Henne,QB,15,Jacksonville Jaguars,30,51,58.80,331,1,1,3,76.50,1,0,0,0,0,15,6,2
15.0,10.000000,15.000000,841,2013,16,12/22,31,Tennessee Titans,226,Chad Henne,QB,15,Jacksonville Jaguars,24,34,70.60,237,2,1,2,97.30,1,1,0,0,0,14,7,1
15.0,10.000000,15.000000,231,2013,15,12/15,4,Buffalo Bills,226,Chad Henne,QB,15,Jacksonville Jaguars,21,36,58.30,237,2,2,5,73.50,4,22,0,0,0,13,8,1
15.0,10.000000,15.000000,753,2013,14,12/05,13,Houston Texans,226,Chad Henne,QB,15,Jacksonville Jaguars,12,27,44.40,117,2,0,1,81.90,4,33,0,0,0,12,9,1
13.0,10.000000,13.000000,482,2013,13,12/01,8,Cleveland Browns,226,Chad Henne,QB,15,Jacksonville Jaguars,22,40,55.00,195,2,1,2,74.50,0,0,0,0,0,11,10,1
4.0,9.600000,4.000000,297,2017,4,09/28,12,Green Bay Packers,83,Mike Glennon,QB,6,Chicago Bears,21,33,63.60,218,1,2,1,67.50,1,0,0,2,2,25,1,1
6.0,9.600000,6.000000,296,2017,3,09/24,27,Pittsburgh Steelers,83,Mike Glennon,QB,6,Chicago Bears,15,22,68.20,101,1,1,2,74.20,3,4,0,1,0,24,2,1
10.0,9.600000,10.000000,295,2017,2,09/17,30,Tampa Bay Buccaneers,83,Mike Glennon,QB,6,Chicago Bears,31,45,68.90,301,1,2,1,76.20,0,0,0,1,1,23,3,1
12.0,9.600000,9.500000,1206,2017,1,09/10,2,Atlanta Falcons,83,Mike Glennon,QB,6,Chicago Bears,26,40,65.00,213,1,0,4,86.80,0,0,0,1,0,22,4,1
.0,9.600000,.000000,315,2016,10,11/13,6,Chicago Bears,83,Mike Glennon,QB,30,Tampa Bay Buccaneers,0,0,.00,0,0,0,0,.00,0,0,0,0,0,21,5,1
7.0,9.600000,9.500000,98,2016,9,11/03,2,Atlanta Falcons,83,Mike Glennon,QB,30,Tampa Bay Buccaneers,10,11,90.90,75,1,0,0,125.40,0,0,0,0,0,20,6,2
15.0,9.600000,15.000000,471,2014,9,11/02,8,Cleveland Browns,83,Mike Glennon,QB,30,Tampa Bay Buccaneers,17,33,51.50,260,2,2,2,72.80,3,17,0,0,0,19,7,1
9.0,9.600000,9.000000,1014,2014,8,10/26,20,Minnesota Vikings,83,Mike Glennon,QB,30,Tampa Bay Buccaneers,19,28,67.90,171,1,1,5,81.10,3,13,0,0,0,18,8,1
18.0,9.600000,18.000000,1166,2014,6,10/12,3,Baltimore Ravens,83,Mike Glennon,QB,30,Tampa Bay Buccaneers,24,44,54.50,314,2,1,5,83.00,0,0,0,1,0,17,9,1
15.0,9.600000,15.000000,1065,2014,5,10/05,22,New Orleans Saints,83,Mike Glennon,QB,30,Tampa Bay Buccaneers,19,32,59.40,249,2,1,1,91.80,1,0,0,1,0,16,10,1
10.0,9.000000,10.000000,1140,2017,8,10/29,26,Philadelphia Eagles,429,C.J. Beathard,QB,28,San Francisco 49ers,17,36,47.20,167,1,2,4,46.90,6,40,0,0,0,4,1,1
14.0,9.000000,14.000000,489,2017,7,10/22,9,Dallas Cowboys,429,C.J. Beathard,QB,28,San Francisco 49ers,22,38,57.90,235,0,0,5,76.10,5,30,1,2,2,3,2,1
12.0,9.000000,12.000000,1176,2017,6,10/15,32,Washington Redskins,429,C.J. Beathard,QB,28,San Francisco 49ers,19,36,52.80,245,1,1,2,72.10,1,14,0,0,0,2,3,1
.0,9.000000,.000000,3,2017,4,10/01,1,Arizona Cardinals,429,C.J. Beathard,QB,28,San Francisco 49ers,0,0,.00,0,0,0,0,.00,0,0,0,0,0,1,4,1
11.0,8.800000,10.500000,968,2017,7,10/22,24,New York Jets,287,Jay Cutler,QB,19,Miami Dolphins,12,16,75.00,138,2,1,2,114.10,0,0,0,0,0,52,1,1
12.0,8.800000,12.000000,79,2017,6,10/15,2,Atlanta Falcons,287,Jay Cutler,QB,19,Miami Dolphins,19,33,57.60,151,2,1,0,76.70,1,-1,0,0,0,51,2,1
5.0,8.800000,5.000000,967,2017,5,10/08,31,Tennessee Titans,287,Jay Cutler,QB,19,Miami Dolphins,12,26,46.20,92,1,1,1,52.10,2,8,0,0,0,50,3,1
4.0,8.800000,4.000000,966,2017,4,10/01,22,New Orleans Saints,287,Jay Cutler,QB,19,Miami Dolphins,20,28,71.40,164,0,1,4,71.10,1,5,0,1,0,49,4,1
10.0,8.800000,10.500000,965,2017,3,09/24,24,New York Jets,287,Jay Cutler,QB,19,Miami Dolphins,26,44,59.10,220,1,1,3,70.30,1,9,0,0,0,48,5,2
13.0,8.800000,13.000000,886,2017,2,09/17,17,Los Angeles Chargers,287,Jay Cutler,QB,19,Miami Dolphins,24,33,72.70,230,1,0,2,101.80,2,-1,0,0,0,47,6,1
12.0,8.800000,12.000000,316,2016,11,11/20,23,New York Giants,287,Jay Cutler,QB,6,Chicago Bears,17,30,56.70,252,1,1,4,81.50,1,3,0,1,0,46,7,1
5.0,8.800000,5.000000,315,2016,10,11/13,30,Tampa Bay Buccaneers,287,Jay Cutler,QB,6,Chicago Bears,16,30,53.30,182,1,2,4,55.10,1,7,0,2,1,45,8,1
14.0,8.800000,14.000000,314,2016,8,10/31,20,Minnesota Vikings,287,Jay Cutler,QB,6,Chicago Bears,20,31,64.50,252,1,0,1,100.50,1,2,0,0,0,44,9,1
2.0,8.800000,2.000000,308,2016,2,09/19,26,Philadelphia Eagles,287,Jay Cutler,QB,6,Chicago Bears,12,17,70.60,157,0,1,3,74.90,0,0,0,1,1,43,10,1
.0,8.700000,.000000,551,2017,6,10/15,23,New York Giants,146,Brock Osweiler,QB,10,Denver Broncos,2,4,50.00,18,0,0,0,62.50,1,-1,0,0,0,32,1,1
20.0,8.700000,20.000000,720,2016,17,01/01,31,Tennessee Titans,146,Brock Osweiler,QB,13,Houston Texans,21,40,52.50,253,1,0,3,80.50,1,1,1,0,0,31,2,1
-3.0,8.700000,5.000000,719,2016,15,12/18,15,Jacksonville Jaguars,146,Brock Osweiler,QB,13,Houston Texans,6,11,54.50,48,0,2,0,26.10,0,0,0,0,0,30,3,1
3.0,8.700000,3.000000,718,2016,14,12/11,14,Indianapolis Colts,146,Brock Osweiler,QB,13,Houston Texans,14,24,58.30,147,0,1,2,58.90,2,-2,0,0,0,29,4,1
18.0,8.700000,18.000000,673,2016,13,12/04,12,Green Bay Packers,146,Brock Osweiler,QB,13,Houston Texans,22,35,62.90,202,2,0,2,97.60,3,20,0,0,0,28,5,1
11.0,8.700000,11.000000,717,2016,12,11/27,17,Los Angeles Chargers,146,Brock Osweiler,QB,13,Houston Texans,22,37,59.50,246,0,3,1,45.60,3,23,1,0,0,27,6,1
12.0,8.700000,12.000000,716,2016,11,11/21,25,Oakland Raiders,146,Brock Osweiler,QB,13,Houston Texans,26,39,66.70,243,1,1,2,81.50,2,19,0,0,0,26,7,1
13.0,8.700000,5.000000,715,2016,10,11/13,15,Jacksonville Jaguars,146,Brock Osweiler,QB,13,Houston Texans,14,27,51.90,99,2,0,1,85.30,3,23,0,0,0,25,8,2
9.0,8.700000,9.000000,626,2016,8,10/30,11,Detroit Lions,146,Brock Osweiler,QB,13,Houston Texans,20,29,69.00,186,1,1,3,83.40,3,-3,0,0,0,24,9,1
4.0,8.700000,4.000000,565,2016,7,10/24,10,Denver Broncos,146,Brock Osweiler,QB,13,Houston Texans,22,41,53.70,131,0,0,1,60.10,3,16,0,3,1,23,10,1
5.0,8.666666,5.000000,570,2016,13,12/04,15,Jacksonville Jaguars,145,Paxton Lynch,QB,10,Denver Broncos,12,24,50.00,104,0,0,2,61.80,2,11,0,0,0,3,1,1
11.0,8.666666,11.000000,94,2016,5,10/09,2,Atlanta Falcons,145,Paxton Lynch,QB,10,Denver Broncos,23,35,65.70,223,1,1,6,81.00,6,18,0,2,0,2,2,1
10.0,8.666666,10.000000,563,2016,4,10/02,30,Tampa Bay Buccaneers,145,Paxton Lynch,QB,10,Denver Broncos,14,24,58.30,170,1,0,1,94.10,3,-4,0,0,0,1,3,1
7.0,8.500000,7.000000,1113,2016,7,10/23,3,Baltimore Ravens,347,Geno Smith,QB,24,New York Jets,4,8,50.00,95,1,0,2,132.80,1,7,0,0,0,33,1,1
-1.0,8.500000,-1.000000,20,2016,6,10/17,1,Arizona Cardinals,347,Geno Smith,QB,24,New York Jets,4,6,66.70,31,0,1,1,39.60,1,2,0,1,0,32,2,1
19.0,8.500000,19.000000,1117,2015,8,11/01,25,Oakland Raiders,347,Geno Smith,QB,24,New York Jets,27,42,64.30,265,2,1,3,87.90,2,34,0,0,0,31,3,1
25.0,8.500000,13.000000,994,2014,17,12/28,19,Miami Dolphins,347,Geno Smith,QB,24,New York Jets,20,25,80.00,358,3,0,1,158.30,5,18,0,1,1,30,4,1
10.0,8.500000,10.000000,1043,2014,16,12/21,21,New England Patriots,347,Geno Smith,QB,24,New York Jets,17,27,63.00,210,1,1,2,83.90,3,9,0,0,0,29,5,1
12.0,8.500000,12.000000,1120,2014,15,12/14,31,Tennessee Titans,347,Geno Smith,QB,24,New York Jets,16,28,57.10,179,1,0,3,88.20,4,16,0,0,0,28,6,1
15.0,8.500000,15.000000,1016,2014,14,12/07,20,Minnesota Vikings,347,Geno Smith,QB,24,New York Jets,18,29,62.10,254,1,1,3,87.40,6,33,0,0,0,27,7,1
1.0,8.500000,13.000000,990,2014,13,12/01,19,Miami Dolphins,347,Geno Smith,QB,24,New York Jets,7,13,53.80,65,0,1,2,35.70,4,19,0,1,0,26,8,2
3.0,8.500000,-1.500000,214,2014,12,11/24,4,Buffalo Bills,347,Geno Smith,QB,24,New York Jets,10,12,83.30,89,0,0,2,97.60,2,4,0,0,0,25,9,1
-6.0,8.500000,-1.500000,211,2014,8,10/26,4,Buffalo Bills,347,Geno Smith,QB,24,New York Jets,2,8,25.00,5,0,3,0,.00,1,0,0,0,0,24,10,2
20.0,8.500000,20.000000,5,2017,6,10/15,1,Arizona Cardinals,459,Ryan Fitzpatrick,QB,30,Tampa Bay Buccaneers,22,32,68.80,290,3,2,2,102.30,2,12,0,0,0,51,1,1
.0,8.500000,.000000,295,2017,2,09/17,6,Chicago Bears,459,Ryan Fitzpatrick,QB,30,Tampa Bay Buccaneers,0,1,.00,0,0,0,0,39.60,2,-2,0,0,0,50,2,1
16.0,8.500000,16.000000,189,2016,17,01/01,4,Buffalo Bills,459,Ryan Fitzpatrick,QB,24,New York Jets,20,30,66.70,210,2,0,1,109.00,2,0,0,1,0,49,3,1
1.0,8.500000,8.500000,1034,2016,16,12/24,21,New England Patriots,459,Ryan Fitzpatrick,QB,24,New York Jets,8,21,38.10,136,0,2,0,21.20,1,3,0,0,0,48,4,1
.0,8.500000,4.500000,979,2016,15,12/17,19,Miami Dolphins,459,Ryan Fitzpatrick,QB,24,New York Jets,5,10,50.00,31,0,1,0,17.10,2,11,0,0,0,47,5,1
1.0,8.500000,1.000000,769,2016,13,12/05,14,Indianapolis Colts,459,Ryan Fitzpatrick,QB,24,New York Jets,5,12,41.70,81,0,1,0,30.20,2,3,0,0,0,46,6,1
16.0,8.500000,8.500000,1032,2016,12,11/27,21,New England Patriots,459,Ryan Fitzpatrick,QB,24,New York Jets,22,32,68.80,269,2,0,1,115.20,2,1,0,1,1,45,7,2
9.0,8.500000,4.500000,976,2016,9,11/06,19,Miami Dolphins,459,Ryan Fitzpatrick,QB,24,New York Jets,16,27,59.30,194,1,2,3,62.90,3,26,0,2,0,44,8,2
14.0,8.500000,14.000000,446,2016,8,10/30,8,Cleveland Browns,459,Ryan Fitzpatrick,QB,24,New York Jets,16,34,47.10,228,1,0,2,79.00,4,13,0,0,0,43,9,1
8.0,8.500000,8.000000,1113,2016,7,10/23,3,Baltimore Ravens,459,Ryan Fitzpatrick,QB,24,New York Jets,9,14,64.30,120,1,0,3,115.20,1,-1,0,0,0,42,10,1
-1.0,8.300000,-1.000000,510,2016,17,01/01,26,Philadelphia Eagles,84,Mark Sanchez,QB,9,Dallas Cowboys,9,17,52.90,85,0,2,3,27.50,2,0,0,0,0,15,1,1
.0,8.300000,.000000,447,2016,9,11/06,8,Cleveland Browns,84,Mark Sanchez,QB,9,Dallas Cowboys,1,1,100.00,8,0,0,0,100.00,2,-2,0,0,0,14,2,1
.0,8.300000,.000000,43,2015,15,12/20,1,Arizona Cardinals,84,Mark Sanchez,QB,26,Philadelphia Eagles,0,0,.00,0,0,0,0,.00,0,0,0,0,0,13,3,1
13.0,8.300000,13.000000,639,2015,12,11/26,11,Detroit Lions,84,Mark Sanchez,QB,26,Philadelphia Eagles,19,27,70.40,199,2,0,6,116.10,2,4,0,1,1,12,4,1
13.0,8.300000,13.000000,1148,2015,11,11/22,30,Tampa Bay Buccaneers,84,Mark Sanchez,QB,26,Philadelphia Eagles,26,41,63.40,261,2,3,3,67.20,2,14,0,0,0,11,5,1
4.0,8.300000,4.000000,984,2015,10,11/15,19,Miami Dolphins,84,Mark Sanchez,QB,26,Philadelphia Eagles,14,23,60.90,156,0,1,0,63.00,2,4,0,0,0,10,6,1
19.0,8.300000,19.000000,1102,2014,17,12/28,23,New York Giants,84,Mark Sanchez,QB,26,Philadelphia Eagles,23,36,63.90,292,2,1,4,96.10,7,22,0,0,0,9,7,1
20.0,8.300000,20.000000,1154,2014,16,12/20,32,Washington Redskins,84,Mark Sanchez,QB,26,Philadelphia Eagles,37,50,74.00,374,2,1,3,99.90,5,22,0,1,1,8,8,1
6.0,8.300000,6.000000,533,2014,15,12/14,9,Dallas Cowboys,84,Mark Sanchez,QB,26,Philadelphia Eagles,17,28,60.70,252,0,2,4,60.40,0,0,0,0,0,7,9,1
9.0,8.300000,9.000000,1153,2014,14,12/07,29,Seattle Seahawks,84,Mark Sanchez,QB,26,Philadelphia Eagles,10,20,50.00,96,2,1,3,76.20,1,7,0,0,0,6,10,1
14.0,8.142857,14.000000,435,2017,8,10/29,20,Minnesota Vikings,111,DeShone Kizer,QB,8,Cleveland Browns,18,34,52.90,179,0,0,3,68.10,5,18,1,0,0,7,1,1
.0,8.142857,.000000,434,2017,7,10/22,31,Tennessee Titans,111,DeShone Kizer,QB,8,Cleveland Browns,12,20,60.00,114,0,2,0,36.20,0,0,0,0,0,6,2,1
1.0,8.142857,1.000000,432,2017,5,10/08,24,New York Jets,111,DeShone Kizer,QB,8,Cleveland Browns,8,17,47.10,87,0,1,1,38.10,6,29,0,1,1,5,3,1
3.0,8.142857,3.000000,367,2017,4,10/01,7,Cincinnati Bengals,111,DeShone Kizer,QB,8,Cleveland Browns,16,34,47.10,118,0,1,1,43.50,5,10,0,0,0,4,4,1
21.0,8.142857,21.000000,431,2017,3,09/24,14,Indianapolis Colts,111,DeShone Kizer,QB,8,Cleveland Browns,22,47,46.80,242,2,3,1,50.10,7,44,1,1,0,3,5,1
1.0,8.142857,1.000000,148,2017,2,09/17,3,Baltimore Ravens,111,DeShone Kizer,QB,8,Cleveland Browns,15,31,48.40,182,0,3,2,27.30,5,26,0,1,1,2,6,1
17.0,8.142857,17.000000,1231,2017,1,09/10,27,Pittsburgh Steelers,111,DeShone Kizer,QB,8,Cleveland Browns,20,30,66.70,222,1,1,7,85.70,5,17,1,0,0,1,7,1
8.0,7.600000,8.000000,154,2017,8,10/26,19,Miami Dolphins,35,Joe Flacco,QB,3,Baltimore Ravens,10,15,66.70,101,1,0,0,107.90,1,9,0,0,0,64,1,1
11.0,7.600000,11.000000,153,2017,7,10/22,20,Minnesota Vikings,35,Joe Flacco,QB,3,Baltimore Ravens,27,39,69.20,186,1,0,5,88.20,1,0,0,3,0,63,2,1
3.0,7.600000,3.000000,152,2017,6,10/15,6,Chicago Bears,35,Joe Flacco,QB,3,Baltimore Ravens,24,41,58.50,180,0,2,3,48.80,1,2,0,0,0,62,3,1
8.0,7.600000,8.000000,151,2017,5,10/08,25,Oakland Raiders,35,Joe Flacco,QB,3,Baltimore Ravens,19,26,73.10,222,0,0,0,98.60,3,-4,0,0,0,61,4,1
9.0,7.600000,10.500000,150,2017,4,10/01,27,Pittsburgh Steelers,35,Joe Flacco,QB,3,Baltimore Ravens,31,49,63.30,235,1,2,4,64.60,0,0,0,1,0,60,5,1
-3.0,7.600000,-3.000000,149,2017,3,09/24,15,Jacksonville Jaguars,35,Joe Flacco,QB,3,Baltimore Ravens,8,18,44.40,28,0,2,2,12.00,0,0,0,0,0,59,6,1
14.0,7.600000,14.000000,148,2017,2,09/17,8,Cleveland Browns,35,Joe Flacco,QB,3,Baltimore Ravens,25,34,73.50,217,2,1,2,97.30,1,-1,0,0,0,58,7,1
6.0,7.600000,7.000000,1211,2017,1,09/10,7,Cincinnati Bengals,35,Joe Flacco,QB,3,Baltimore Ravens,9,17,52.90,121,1,1,1,71.00,0,0,0,0,0,57,8,1
8.0,7.600000,7.000000,390,2016,17,01/01,7,Cincinnati Bengals,35,Joe Flacco,QB,3,Baltimore Ravens,32,49,65.30,267,0,1,3,70.70,0,0,0,0,0,56,9,2
12.0,7.600000,10.500000,1160,2016,16,12/25,27,Pittsburgh Steelers,35,Joe Flacco,QB,3,Baltimore Ravens,30,44,68.20,262,1,1,2,81.80,0,0,0,0,0,55,10,2
9.0,7.250000,9.000000,299,2017,8,10/29,22,New Orleans Saints,82,Mitchell Trubisky,QB,6,Chicago Bears,14,32,43.80,164,0,1,2,46.90,3,53,0,0,0,4,1,1
4.0,7.250000,4.000000,238,2017,7,10/22,5,Carolina Panthers,82,Mitchell Trubisky,QB,6,Chicago Bears,4,7,57.10,107,0,0,4,101.80,5,3,0,0,0,3,2,1
9.0,7.250000,9.000000,152,2017,6,10/15,3,Baltimore Ravens,82,Mitchell Trubisky,QB,6,Chicago Bears,8,16,50.00,113,1,0,4,94.00,4,32,0,2,1,2,3,1
7.0,7.250000,7.000000,298,2017,5,10/09,20,Minnesota Vikings,82,Mitchell Trubisky,QB,6,Chicago Bears,12,25,48.00,128,1,1,1,60.10,3,22,0,1,1,1,4,1
2.0,7.200000,11.500000,434,2017,7,10/22,31,Tennessee Titans,113,Cody Kessler,QB,8,Cleveland Browns,10,19,52.60,121,0,1,2,50.50,1,-1,0,0,0,10,1,1
.0,7.200000,.000000,451,2016,16,12/24,17,Los Angeles Chargers,113,Cody Kessler,QB,8,Cleveland Browns,2,3,66.70,11,0,0,2,72.90,0,0,0,0,0,9,2,1
3.0,7.200000,3.000000,449,2016,11,11/20,27,Pittsburgh Steelers,113,Cody Kessler,QB,8,Cleveland Browns,7,14,50.00,128,0,1,4,52.10,1,2,0,0,0,8,3,1
7.0,7.200000,7.000000,448,2016,10,11/10,3,Baltimore Ravens,113,Cody Kessler,QB,8,Cleveland Browns,11,18,61.10,91,1,0,1,92.60,1,3,0,0,0,7,4,1
13.0,7.200000,13.000000,447,2016,9,11/06,9,Dallas Cowboys,113,Cody Kessler,QB,8,Cleveland Browns,19,27,70.40,203,1,0,4,104.40,2,11,0,0,0,6,5,1
3.0,7.200000,3.000000,382,2016,7,10/23,7,Cincinnati Bengals,113,Cody Kessler,QB,8,Cleveland Browns,9,11,81.80,82,0,0,0,97.70,1,-2,0,0,0,5,6,1
21.0,7.200000,11.500000,445,2016,6,10/16,31,Tennessee Titans,113,Cody Kessler,QB,8,Cleveland Browns,26,41,63.40,336,2,0,6,105.30,1,3,0,0,0,4,7,2
6.0,7.200000,6.000000,444,2016,5,10/09,21,New England Patriots,113,Cody Kessler,QB,8,Cleveland Browns,5,8,62.50,62,1,0,0,126.00,1,0,0,1,0,3,8,1
10.0,7.200000,10.000000,443,2016,4,10/02,32,Washington Redskins,113,Cody Kessler,QB,8,Cleveland Browns,28,40,70.00,223,1,1,1,81.60,2,2,0,1,0,2,9,1
7.0,7.200000,7.000000,442,2016,3,09/25,19,Miami Dolphins,113,Cody Kessler,QB,8,Cleveland Browns,21,33,63.60,244,0,0,3,85.90,2,-1,0,2,1,1,10,1
9.0,6.700000,12.500000,522,2015,17,01/03,9,Dallas Cowboys,488,Colt McCoy,QB,32,Washington Redskins,7,11,63.60,128,1,0,1,133.90,3,-3,0,1,0,10,1,1
.0,6.700000,.000000,1063,2015,10,11/15,22,New Orleans Saints,488,Colt McCoy,QB,32,Washington Redskins,0,0,.00,0,0,0,0,.00,0,0,0,0,0,9,2,1
3.0,6.700000,3.000000,1101,2014,15,12/14,23,New York Giants,488,Colt McCoy,QB,32,Washington Redskins,4,7,57.10,39,0,0,0,72.90,2,24,0,0,0,8,3,1
4.0,6.700000,2.000000,955,2014,14,12/07,18,Los Angeles Rams,488,Colt McCoy,QB,32,Washington Redskins,20,32,62.50,199,0,2,6,54.00,2,11,0,1,0,7,4,1
26.0,6.700000,26.000000,791,2014,13,11/30,14,Indianapolis Colts,488,Colt McCoy,QB,32,Washington Redskins,31,47,66.00,392,3,0,6,113.10,3,12,0,4,1,6,5,1
16.0,6.700000,12.500000,529,2014,8,10/27,9,Dallas Cowboys,488,Colt McCoy,QB,32,Washington Redskins,25,30,83.30,299,0,1,3,94.30,7,16,1,1,0,5,6,2
9.0,6.700000,9.000000,1200,2014,7,10/19,31,Tennessee Titans,488,Colt McCoy,QB,32,Washington Redskins,11,12,91.70,128,1,0,2,138.90,2,3,0,0,0,4,7,1
.0,6.700000,.000000,1191,2013,15,12/15,30,Tampa Bay Buccaneers,488,Colt McCoy,QB,28,San Francisco 49ers,0,0,.00,0,0,0,0,.00,3,-3,0,0,0,3,8,1
.0,6.700000,.000000,746,2013,5,10/06,13,Houston Texans,488,Colt McCoy,QB,28,San Francisco 49ers,0,0,.00,0,0,0,0,.00,3,-3,0,0,0,2,9,1
.0,6.700000,2.000000,958,2013,4,09/26,18,Los Angeles Rams,488,Colt McCoy,QB,28,San Francisco 49ers,0,0,.00,0,0,0,0,.00,0,0,0,0,0,1,10,2
3.0,6.700000,3.000000,154,2017,8,10/26,3,Baltimore Ravens,288,Matt Moore,QB,19,Miami Dolphins,25,44,56.80,176,0,2,3,47.20,0,0,0,0,0,10,1,1
13.0,6.700000,18.000000,968,2017,7,10/22,24,New York Jets,288,Matt Moore,QB,19,Miami Dolphins,13,21,61.90,188,2,1,1,102.90,0,0,0,0,0,9,2,1
14.0,6.700000,14.000000,980,2016,17,01/01,21,New England Patriots,288,Matt Moore,QB,19,Miami Dolphins,24,34,70.60,205,2,1,0,93.40,0,0,0,1,0,8,3,1
15.0,6.700000,6.500000,188,2016,16,12/24,4,Buffalo Bills,288,Matt Moore,QB,19,Miami Dolphins,16,30,53.30,233,2,1,0,87.20,1,-1,0,0,0,7,4,1
23.0,6.700000,18.000000,979,2016,15,12/17,24,New York Jets,288,Matt Moore,QB,19,Miami Dolphins,12,18,66.70,236,4,1,1,126.20,0,0,0,0,0,6,5,2
1.0,6.700000,1.000000,27,2016,14,12/11,1,Arizona Cardinals,288,Matt Moore,QB,19,Miami Dolphins,3,5,60.00,47,0,0,0,91.20,0,0,0,0,0,5,6,1
.0,6.700000,.000000,724,2015,7,10/25,13,Houston Texans,288,Matt Moore,QB,19,Miami Dolphins,1,1,100.00,14,0,0,0,118.80,3,-2,0,0,0,4,7,1
.0,6.700000,.000000,909,2014,9,11/02,17,Los Angeles Chargers,288,Matt Moore,QB,19,Miami Dolphins,2,4,50.00,21,0,0,0,65.60,0,0,0,0,0,3,8,1
.0,6.700000,.000000,989,2014,4,09/28,25,Oakland Raiders,288,Matt Moore,QB,19,Miami Dolphins,0,0,.00,0,0,0,0,.00,2,-2,0,0,0,2,9,1
-2.0,6.700000,6.500000,232,2013,16,12/22,4,Buffalo Bills,288,Matt Moore,QB,19,Miami Dolphins,2,6,33.30,53,0,2,0,27.10,0,0,0,1,0,1,10,2
.0,6.200000,5.500000,1140,2017,8,10/29,28,San Francisco 49ers,396,Nick Foles,QB,26,Philadelphia Eagles,0,0,.00,0,0,0,0,.00,2,-2,0,0,0,35,1,1
.0,6.200000,.000000,859,2016,17,01/01,17,Los Angeles Chargers,396,Nick Foles,QB,16,Kansas City Chiefs,0,0,.00,0,0,0,0,.00,0,0,0,0,0,34,2,1
11.0,6.200000,11.000000,815,2016,9,11/06,15,Jacksonville Jaguars,396,Nick Foles,QB,16,Kansas City Chiefs,20,33,60.60,187,1,0,2,86.30,3,-3,0,0,0,33,3,1
16.0,6.200000,16.000000,766,2016,8,10/30,14,Indianapolis Colts,396,Nick Foles,QB,16,Kansas City Chiefs,16,22,72.70,223,2,0,2,135.20,1,-1,0,0,0,32,4,1
3.0,6.200000,3.000000,41,2015,13,12/06,1,Arizona Cardinals,396,Nick Foles,QB,18,Los Angeles Rams,15,35,42.90,146,0,1,0,43.30,2,-2,0,0,0,31,5,1
3.0,6.200000,3.000000,398,2015,12,11/29,7,Cincinnati Bengals,396,Nick Foles,QB,18,Los Angeles Rams,30,46,65.20,228,0,3,1,49.90,1,2,0,0,0,30,6,1
6.0,6.200000,6.000000,329,2015,10,11/15,6,Chicago Bears,396,Nick Foles,QB,18,Los Angeles Rams,17,36,47.20,200,0,1,1,53.00,0,0,0,0,0,29,7,1
6.0,6.200000,6.000000,944,2015,9,11/08,20,Minnesota Vikings,396,Nick Foles,QB,18,Los Angeles Rams,18,33,54.50,168,0,0,1,68.80,1,2,0,1,0,28,8,1
11.0,6.200000,5.500000,943,2015,8,11/01,28,San Francisco 49ers,396,Nick Foles,QB,18,Los Angeles Rams,14,23,60.90,191,1,0,0,101.90,3,-3,0,0,0,27,9,2
6.0,6.200000,6.000000,458,2015,7,10/25,8,Cleveland Browns,396,Nick Foles,QB,18,Los Angeles Rams,15,23,65.20,163,0,0,2,86.00,2,-2,0,0,0,26,10,1
.0,6.000000,.000000,1077,2017,7,10/22,23,New York Giants,443,Austin Davis,QB,29,Seattle Seahawks,0,0,.00,0,0,0,0,.00,1,-1,0,0,0,14,1,1
5.0,6.000000,5.000000,464,2015,17,01/03,27,Pittsburgh Steelers,443,Austin Davis,QB,8,Cleveland Browns,24,46,52.20,240,0,2,7,49.20,3,22,0,1,1,13,2,1
5.0,6.000000,5.000000,399,2015,13,12/06,7,Cincinnati Bengals,443,Austin Davis,QB,8,Cleveland Browns,25,38,65.80,230,0,1,3,71.20,3,4,0,1,1,12,3,1
7.0,6.000000,7.000000,460,2015,12,11/30,3,Baltimore Ravens,443,Austin Davis,QB,8,Cleveland Browns,7,10,70.00,77,1,0,1,125.80,1,7,0,0,0,11,4,1
.0,6.000000,.000000,954,2014,13,11/30,25,Oakland Raiders,443,Austin Davis,QB,18,Los Angeles Rams,0,0,.00,0,0,0,0,.00,0,0,0,0,0,10,5,1
6.0,6.000000,6.000000,53,2014,10,11/09,1,Arizona Cardinals,443,Austin Davis,QB,18,Los Angeles Rams,17,30,56.70,216,1,2,6,62.60,3,0,0,1,1,9,6,1
4.0,6.000000,7.500000,953,2014,9,11/02,28,San Francisco 49ers,443,Austin Davis,QB,18,Los Angeles Rams,13,24,54.20,105,1,2,1,44.60,2,9,0,0,0,8,7,1
8.0,6.000000,8.000000,871,2014,8,10/26,16,Kansas City Chiefs,443,Austin Davis,QB,18,Los Angeles Rams,15,25,60.00,160,1,1,7,75.40,1,1,0,0,0,7,8,1
14.0,6.000000,14.000000,952,2014,7,10/19,29,Seattle Seahawks,443,Austin Davis,QB,18,Los Angeles Rams,17,20,85.00,155,2,0,0,132.30,2,-2,0,0,0,6,9,1
11.0,6.000000,7.500000,951,2014,6,10/13,28,San Francisco 49ers,443,Austin Davis,QB,18,Los Angeles Rams,21,42,50.00,236,1,1,5,65.20,1,-1,0,1,0,5,10,2
6.0,6.000000,6.000000,574,2016,17,01/01,10,Denver Broncos,381,Connor Cook,QB,25,Oakland Raiders,14,21,66.70,150,1,1,2,83.40,0,0,0,2,1,1,1,1
.0,5.777777,.000000,367,2017,4,10/01,8,Cleveland Browns,96,AJ McCarron,QB,7,Cincinnati Bengals,0,0,.00,0,0,0,0,.00,0,0,0,0,0,9,1,1
.0,5.777777,.000000,381,2016,6,10/16,21,New England Patriots,96,AJ McCarron,QB,7,Cincinnati Bengals,0,0,.00,0,0,0,0,.00,0,0,0,0,0,8,2,1
14.0,5.777777,14.000000,403,2015,17,01/03,3,Baltimore Ravens,96,AJ McCarron,QB,7,Cincinnati Bengals,17,27,63.00,160,2,0,3,103.90,3,2,0,0,0,7,3,1
12.0,5.777777,12.000000,402,2015,16,12/28,10,Denver Broncos,96,AJ McCarron,QB,7,Cincinnati Bengals,22,35,62.90,200,1,0,2,87.80,4,21,0,1,1,6,4,1
11.0,5.777777,11.000000,401,2015,15,12/20,28,San Francisco 49ers,96,AJ McCarron,QB,7,Cincinnati Bengals,15,21,71.40,192,1,0,4,115.60,2,2,0,0,0,5,5,1
15.0,5.777777,15.000000,400,2015,14,12/13,27,Pittsburgh Steelers,96,AJ McCarron,QB,7,Cincinnati Bengals,22,32,68.80,280,2,2,3,90.60,3,8,0,0,0,4,6,1
.0,5.777777,.000000,399,2015,13,12/06,8,Cleveland Browns,96,AJ McCarron,QB,7,Cincinnati Bengals,2,3,66.70,19,0,0,0,84.00,0,0,0,0,0,3,7,2
.0,5.777777,.000000,398,2015,12,11/29,18,Los Angeles Rams,96,AJ McCarron,QB,7,Cincinnati Bengals,1,1,100.00,3,0,0,0,79.20,0,0,0,0,0,2,8,1
.0,5.777777,.000000,396,2015,9,11/05,8,Cleveland Browns,96,AJ McCarron,QB,7,Cincinnati Bengals,0,0,.00,0,0,0,0,.00,2,-2,0,0,0,1,9,3
6.0,5.750000,6.000000,433,2017,6,10/15,13,Houston Texans,112,Kevin Hogan,QB,8,Cleveland Browns,20,37,54.10,140,1,3,4,38.10,5,36,0,1,0,8,1,1
16.0,5.750000,8.000000,432,2017,5,10/08,24,New York Jets,112,Kevin Hogan,QB,8,Cleveland Browns,16,19,84.20,194,2,1,0,122.40,4,30,0,0,0,7,2,1
2.0,5.750000,9.000000,367,2017,4,10/01,7,Cincinnati Bengals,112,Kevin Hogan,QB,8,Cleveland Browns,5,8,62.50,65,0,0,1,88.00,0,0,0,0,0,6,3,1
6.0,5.750000,3.000000,148,2017,2,09/17,3,Baltimore Ravens,112,Kevin Hogan,QB,8,Cleveland Browns,5,11,45.50,118,1,1,1,77.10,1,5,0,0,0,5,4,1
.0,5.750000,.000000,450,2016,12,11/27,23,New York Giants,112,Kevin Hogan,QB,8,Cleveland Browns,0,0,.00,0,0,0,0,.00,0,0,0,0,0,4,5,1
.0,5.750000,3.000000,448,2016,10,11/10,3,Baltimore Ravens,112,Kevin Hogan,QB,8,Cleveland Browns,0,0,.00,0,0,0,0,.00,1,1,0,0,0,3,6,2
.0,5.750000,8.000000,446,2016,8,10/30,24,New York Jets,112,Kevin Hogan,QB,8,Cleveland Browns,2,2,100.00,4,0,0,0,79.20,0,0,0,0,0,2,7,2
16.0,5.750000,9.000000,382,2016,7,10/23,7,Cincinnati Bengals,112,Kevin Hogan,QB,8,Cleveland Browns,12,24,50.00,100,0,2,2,26.40,7,104,1,0,0,1,8,2
-2.0,4.500000,-2.000000,1034,2016,16,12/24,21,New England Patriots,364,Bryce Petty,QB,24,New York Jets,0,3,.00,0,0,1,2,.00,0,0,0,0,0,6,1,1
7.0,4.500000,3.500000,979,2016,15,12/17,19,Miami Dolphins,364,Bryce Petty,QB,24,New York Jets,20,36,55.60,235,1,2,3,61.70,1,0,0,1,1,5,2,1
9.0,4.500000,9.000000,1114,2016,14,12/11,28,San Francisco 49ers,364,Bryce Petty,QB,24,New York Jets,23,35,65.70,257,0,1,6,75.50,4,19,0,0,0,4,3,1
5.0,4.500000,5.000000,769,2016,13,12/05,14,Indianapolis Colts,364,Bryce Petty,QB,24,New York Jets,11,25,44.00,135,1,2,1,41.20,0,0,0,0,0,3,4,1
8.0,4.500000,8.000000,935,2016,10,11/13,18,Los Angeles Rams,364,Bryce Petty,QB,24,New York Jets,19,32,59.40,163,1,1,1,70.20,0,0,0,0,0,2,5,1
.0,4.500000,3.500000,976,2016,9,11/06,19,Miami Dolphins,364,Bryce Petty,QB,24,New York Jets,2,2,100.00,19,0,0,0,106.20,0,0,0,0,0,1,6,2
1.0,4.000000,1.000000,1255,2017,1,09/10,18,Los Angeles Rams,211,Scott Tolzien,QB,14,Indianapolis Colts,9,18,50.00,128,0,2,4,33.80,2,2,0,1,0,10,1,1
.0,4.000000,5.500000,770,2016,15,12/18,20,Minnesota Vikings,211,Scott Tolzien,QB,14,Indianapolis Colts,0,0,.00,0,0,0,0,.00,0,0,0,0,0,9,2,1
.0,4.000000,.000000,769,2016,13,12/05,24,New York Jets,211,Scott Tolzien,QB,14,Indianapolis Colts,1,1,100.00,11,0,0,0,112.50,3,-3,0,0,0,8,3,1
8.0,4.000000,8.000000,768,2016,12,11/24,27,Pittsburgh Steelers,211,Scott Tolzien,QB,14,Indianapolis Colts,22,36,61.10,205,1,2,3,62.80,3,6,0,1,0,7,4,1
.0,4.000000,.000000,44,2015,16,12/27,1,Arizona Cardinals,211,Scott Tolzien,QB,12,Green Bay Packers,1,1,100.00,4,0,0,1,83.30,1,0,0,1,0,6,5,1
.0,4.000000,.000000,520,2015,14,12/13,9,Dallas Cowboys,211,Scott Tolzien,QB,12,Green Bay Packers,0,0,.00,0,0,0,0,.00,2,-3,0,0,0,5,6,1
.0,4.000000,.000000,579,2015,8,11/01,10,Denver Broncos,211,Scott Tolzien,QB,12,Green Bay Packers,0,0,.00,0,0,0,0,.00,0,0,0,0,0,4,7,1
11.0,4.000000,5.500000,697,2013,12,11/24,20,Minnesota Vikings,211,Scott Tolzien,QB,12,Green Bay Packers,7,17,41.20,98,0,0,2,60.40,2,25,1,0,0,3,8,2
8.0,4.000000,8.000000,696,2013,11,11/17,23,New York Giants,211,Scott Tolzien,QB,12,Green Bay Packers,24,34,70.60,339,0,3,0,65.70,2,11,0,0,0,2,9,1
12.0,4.000000,12.000000,695,2013,10,11/10,26,Philadelphia Eagles,211,Scott Tolzien,QB,12,Green Bay Packers,24,39,61.50,280,1,2,1,70.50,1,19,0,0,0,1,10,1
4.0,3.600000,2.000000,154,2017,8,10/26,19,Miami Dolphins,36,Ryan Mallett,QB,3,Baltimore Ravens,3,7,42.90,20,1,0,0,89.90,4,-3,0,1,0,16,1,1
5.0,3.600000,5.000000,149,2017,3,09/24,15,Jacksonville Jaguars,36,Ryan Mallett,QB,3,Baltimore Ravens,6,9,66.70,36,1,0,0,111.30,0,0,0,0,0,15,2,1
-2.0,3.600000,4.500000,390,2016,17,01/01,7,Cincinnati Bengals,36,Ryan Mallett,QB,3,Baltimore Ravens,1,2,50.00,12,0,1,0,29.20,0,0,0,0,0,14,3,1
.0,3.600000,2.000000,978,2016,13,12/04,19,Miami Dolphins,36,Ryan Mallett,QB,3,Baltimore Ravens,1,3,33.30,5,0,0,0,42.40,3,-3,0,0,0,13,4,2
.0,3.600000,.000000,448,2016,10,11/10,8,Cleveland Browns,36,Ryan Mallett,QB,3,Baltimore Ravens,0,0,.00,0,0,0,0,.00,2,-3,0,0,0,12,5,1
.0,3.600000,7.000000,1159,2016,9,11/06,27,Pittsburgh Steelers,36,Ryan Mallett,QB,3,Baltimore Ravens,1,1,100.00,9,0,0,0,104.20,0,0,0,0,0,11,6,1
11.0,3.600000,4.500000,403,2015,17,01/03,7,Cincinnati Bengals,36,Ryan Mallett,QB,3,Baltimore Ravens,30,56,53.60,292,1,2,1,59.50,1,4,0,0,0,10,7,2
14.0,3.600000,7.000000,1164,2015,16,12/27,27,Pittsburgh Steelers,36,Ryan Mallett,QB,3,Baltimore Ravens,28,41,68.30,274,1,0,1,95.00,0,0,0,0,0,9,8,2
.0,3.600000,.000000,722,2015,5,10/08,14,Indianapolis Colts,36,Ryan Mallett,QB,13,Houston Texans,7,10,70.00,50,0,1,1,41.70,1,0,0,0,0,8,9,1
4.0,3.600000,4.000000,107,2015,4,10/04,2,Atlanta Falcons,36,Ryan Mallett,QB,13,Houston Texans,12,27,44.40,150,0,1,0,46.80,0,0,0,0,0,7,10,1
.0,3.400000,5.250000,980,2016,17,01/01,19,Miami Dolphins,428,Jimmy Garoppolo,QB,21,New England Patriots,0,1,.00,0,0,0,0,39.60,0,0,0,0,0,16,1,1
.0,3.400000,.000000,1034,2016,16,12/24,24,New York Jets,428,Jimmy Garoppolo,QB,21,New England Patriots,1,2,50.00,6,0,0,0,56.20,3,-2,0,0,0,15,2,1
.0,3.400000,.000000,181,2016,8,10/30,4,Buffalo Bills,428,Jimmy Garoppolo,QB,21,New England Patriots,0,0,.00,0,0,0,1,.00,1,-1,0,0,0,14,3,1
.0,3.400000,.000000,444,2016,5,10/09,8,Cleveland Browns,428,Jimmy Garoppolo,QB,21,New England Patriots,0,1,.00,0,0,0,0,39.60,2,-3,0,0,0,13,4,1
21.0,3.400000,5.250000,973,2016,2,09/18,19,Miami Dolphins,428,Jimmy Garoppolo,QB,21,New England Patriots,18,26,69.20,232,3,0,0,135.40,0,0,0,0,0,12,5,2
13.0,3.400000,13.000000,1202,2016,1,09/11,1,Arizona Cardinals,428,Jimmy Garoppolo,QB,21,New England Patriots,24,33,72.70,264,1,0,2,106.10,4,12,0,2,1,11,6,1
.0,3.400000,5.250000,988,2015,17,01/03,19,Miami Dolphins,428,Jimmy Garoppolo,QB,21,New England Patriots,1,4,25.00,6,0,0,0,39.60,0,0,0,0,0,10,7,3
.0,3.400000,.000000,1036,2015,9,11/08,32,Washington Redskins,428,Jimmy Garoppolo,QB,21,New England Patriots,0,0,.00,0,0,0,0,.00,1,-1,0,0,0,9,8,1
.0,3.400000,5.250000,983,2015,8,10/29,19,Miami Dolphins,428,Jimmy Garoppolo,QB,21,New England Patriots,0,0,.00,0,0,0,0,.00,0,0,0,0,0,8,9,4
.0,3.400000,.000000,513,2015,5,10/11,9,Dallas Cowboys,428,Jimmy Garoppolo,QB,21,New England Patriots,0,0,.00,0,0,0,0,.00,2,-2,0,0,0,7,10,1
21.0,3.400000,21.000000,452,2016,17,01/01,8,Cleveland Browns,412,Landry Jones,QB,27,Pittsburgh Steelers,24,37,64.90,277,3,1,4,103.10,0,0,0,0,0,15,1,1
.0,3.400000,.000000,1086,2016,13,12/04,23,New York Giants,412,Landry Jones,QB,27,Pittsburgh Steelers,0,0,.00,0,0,0,0,.00,1,-1,0,0,0,14,2,1
.0,3.400000,.000000,768,2016,12,11/24,14,Indianapolis Colts,412,Landry Jones,QB,27,Pittsburgh Steelers,0,1,.00,0,0,0,0,39.60,0,0,0,0,0,13,3,1
.0,3.400000,.000000,503,2016,10,11/13,9,Dallas Cowboys,412,Landry Jones,QB,27,Pittsburgh Steelers,0,0,.00,0,0,0,0,.00,0,0,0,0,0,12,4,1
13.0,3.400000,13.000000,1029,2016,7,10/23,21,New England Patriots,412,Landry Jones,QB,27,Pittsburgh Steelers,29,47,61.70,281,1,1,0,76.60,0,0,0,0,0,11,5,1
.0,3.400000,.000000,975,2016,6,10/16,19,Miami Dolphins,412,Landry Jones,QB,27,Pittsburgh Steelers,0,1,.00,0,0,0,0,39.60,1,-1,0,0,0,10,6,1
.0,3.400000,.000000,1112,2016,5,10/09,24,New York Jets,412,Landry Jones,QB,27,Pittsburgh Steelers,0,0,.00,0,0,0,0,.00,2,-2,0,0,0,9,7,1
.0,3.400000,.000000,853,2016,4,10/02,16,Kansas City Chiefs,412,Landry Jones,QB,27,Pittsburgh Steelers,0,0,.00,0,0,0,0,.00,2,0,0,0,0,8,8,1
.0,3.400000,.000000,400,2015,14,12/13,7,Cincinnati Bengals,412,Landry Jones,QB,27,Pittsburgh Steelers,0,0,.00,0,0,0,0,.00,2,-1,0,0,0,7,9,1
.0,3.400000,.000000,779,2015,13,12/06,14,Indianapolis Colts,412,Landry Jones,QB,27,Pittsburgh Steelers,0,0,.00,0,0,0,0,.00,1,-1,0,0,0,6,10,2
7.0,3.100000,7.000000,967,2017,5,10/08,19,Miami Dolphins,474,Matt Cassel,QB,31,Tennessee Titans,21,32,65.60,141,1,0,6,85.50,0,0,0,1,1,27,1,1
-6.0,3.100000,1.000000,700,2017,4,10/01,13,Houston Texans,474,Matt Cassel,QB,31,Tennessee Titans,4,10,40.00,21,0,2,2,8.30,0,0,0,1,1,26,2,1
8.0,3.100000,1.000000,720,2016,17,01/01,13,Houston Texans,474,Matt Cassel,QB,31,Tennessee Titans,16,26,61.50,150,1,1,4,74.20,2,2,0,0,0,25,3,2
6.0,3.100000,3.000000,817,2016,16,12/24,15,Jacksonville Jaguars,474,Matt Cassel,QB,31,Tennessee Titans,13,24,54.20,124,1,1,1,65.30,0,0,0,1,0,24,4,1
.0,3.100000,3.000000,814,2016,8,10/27,15,Jacksonville Jaguars,474,Matt Cassel,QB,31,Tennessee Titans,1,1,100.00,10,0,0,0,108.30,1,2,0,0,0,23,5,2
.0,3.100000,.000000,621,2016,2,09/18,11,Detroit Lions,474,Matt Cassel,QB,31,Tennessee Titans,0,0,.00,0,0,0,0,.00,1,-1,0,0,0,22,6,1
-1.0,3.100000,-1.000000,521,2015,15,12/19,24,New York Jets,474,Matt Cassel,QB,9,Dallas Cowboys,3,8,37.50,37,0,1,1,13.00,0,0,0,0,0,21,7,1
2.0,3.100000,2.000000,520,2015,14,12/13,12,Green Bay Packers,474,Matt Cassel,QB,9,Dallas Cowboys,13,29,44.80,114,0,1,2,41.50,3,6,0,0,0,20,8,1
8.0,3.100000,8.000000,519,2015,13,12/07,32,Washington Redskins,474,Matt Cassel,QB,9,Dallas Cowboys,16,29,55.20,223,0,0,1,80.10,2,-3,0,1,0,19,9,1
7.0,3.100000,7.000000,267,2015,12,11/26,5,Carolina Panthers,474,Matt Cassel,QB,9,Dallas Cowboys,13,19,68.40,93,1,0,1,97.00,2,9,0,0,0,18,10,1
.0,3.000000,.000000,234,2017,3,09/24,22,New Orleans Saints,69,Derek Anderson,QB,5,Carolina Panthers,2,7,28.60,17,0,0,0,39.60,0,0,0,0,0,19,1,1
.0,3.000000,.000000,255,2016,14,12/11,17,Los Angeles Chargers,69,Derek Anderson,QB,5,Carolina Panthers,0,0,.00,0,0,0,0,.00,0,0,0,0,0,18,2,1
-2.0,3.000000,-2.000000,254,2016,13,12/04,29,Seattle Seahawks,69,Derek Anderson,QB,5,Carolina Panthers,0,1,.00,0,0,1,0,.00,0,0,0,0,0,17,3,1
5.0,3.000000,7.000000,248,2016,5,10/10,30,Tampa Bay Buccaneers,69,Derek Anderson,QB,5,Carolina Panthers,18,28,64.30,278,0,2,0,67.30,1,4,0,1,1,16,4,1
10.0,3.000000,5.500000,93,2016,4,10/02,2,Atlanta Falcons,69,Derek Anderson,QB,5,Carolina Panthers,17,23,73.90,172,2,2,0,87.60,0,0,0,0,0,15,5,1
.0,3.000000,.000000,247,2016,3,09/25,20,Minnesota Vikings,69,Derek Anderson,QB,5,Carolina Panthers,1,1,100.00,3,0,0,0,79.20,0,0,0,0,0,14,6,1
.0,3.000000,7.000000,270,2015,17,01/03,30,Tampa Bay Buccaneers,69,Derek Anderson,QB,5,Carolina Panthers,0,0,.00,0,0,0,0,.00,2,-2,0,0,0,13,7,2
1.0,3.000000,5.500000,116,2015,14,12/13,2,Atlanta Falcons,69,Derek Anderson,QB,5,Carolina Panthers,4,6,66.70,36,0,0,0,82.60,3,-2,0,0,0,12,8,2
.0,3.000000,.000000,266,2015,11,11/22,32,Washington Redskins,69,Derek Anderson,QB,5,Carolina Panthers,0,0,.00,0,0,0,0,.00,2,2,0,1,0,11,9,1
16.0,3.000000,7.000000,282,2014,15,12/14,30,Tampa Bay Buccaneers,69,Derek Anderson,QB,5,Carolina Panthers,25,40,62.50,277,1,0,3,91.40,5,14,0,1,0,10,10,3
.0,2.600000,.000000,102,2016,15,12/18,28,San Francisco 49ers,20,Matt Schaub,QB,2,Atlanta Falcons,1,1,100.00,16,0,0,0,118.80,0,0,0,0,0,26,1,1
.0,2.600000,.000000,101,2016,14,12/11,18,Los Angeles Rams,20,Matt Schaub,QB,2,Atlanta Falcons,0,2,.00,0,0,0,0,39.60,0,0,0,0,0,25,2,1
.0,2.600000,.000000,25,2016,12,11/27,1,Arizona Cardinals,20,Matt Schaub,QB,2,Atlanta Falcons,0,0,.00,0,0,0,0,.00,0,0,0,0,0,24,3,1
.0,2.600000,.000000,98,2016,9,11/03,30,Tampa Bay Buccaneers,20,Matt Schaub,QB,2,Atlanta Falcons,0,0,.00,0,0,0,0,.00,2,-2,0,0,0,23,4,1
12.0,2.600000,12.000000,986,2015,13,12/06,19,Miami Dolphins,20,Matt Schaub,QB,3,Baltimore Ravens,32,46,69.60,308,1,2,3,77.10,1,0,0,0,0,22,5,1
14.0,2.600000,14.000000,460,2015,12,11/30,8,Cleveland Browns,20,Matt Schaub,QB,3,Baltimore Ravens,20,34,58.80,232,2,2,0,74.60,3,10,0,0,0,21,6,1
.0,2.600000,.000000,598,2014,17,12/28,10,Denver Broncos,20,Matt Schaub,QB,25,Oakland Raiders,0,0,.00,0,0,0,0,.00,0,0,0,0,0,20,7,1
.0,2.600000,.000000,218,2014,16,12/21,4,Buffalo Bills,20,Matt Schaub,QB,25,Oakland Raiders,0,0,.00,0,0,0,0,.00,0,0,0,0,0,19,8,1
.0,2.600000,.000000,875,2014,15,12/14,16,Kansas City Chiefs,20,Matt Schaub,QB,25,Oakland Raiders,0,0,.00,0,0,0,0,.00,0,0,0,0,0,18,9,1
.0,2.600000,.000000,1134,2014,14,12/07,28,San Francisco 49ers,20,Matt Schaub,QB,25,Oakland Raiders,0,0,.00,0,0,0,0,.00,0,0,0,0,0,17,10,2
.0,2.500000,.000000,729,2015,15,12/20,14,Indianapolis Colts,50,T.J. Yates,QB,13,Houston Texans,6,10,60.00,68,0,1,2,40.80,1,7,0,0,0,8,1,1
.0,2.500000,.000000,728,2015,14,12/13,21,New England Patriots,50,T.J. Yates,QB,13,Houston Texans,1,2,50.00,4,0,0,1,56.20,0,0,0,0,0,7,2,1
15.0,2.500000,15.000000,726,2015,11,11/22,24,New York Jets,50,T.J. Yates,QB,13,Houston Texans,16,34,47.10,229,2,0,1,89.00,3,-5,0,1,1,6,3,1
6.0,2.500000,6.000000,397,2015,10,11/16,7,Cincinnati Bengals,50,T.J. Yates,QB,13,Houston Texans,5,11,45.50,69,1,0,1,96.40,2,-2,0,0,0,5,4,1
.0,2.500000,.000000,121,2014,3,09/18,30,Tampa Bay Buccaneers,50,T.J. Yates,QB,2,Atlanta Falcons,3,4,75.00,64,0,1,0,77.10,0,0,0,0,0,4,5,1
-1.0,2.500000,-1.000000,747,2013,6,10/13,18,Los Angeles Rams,50,T.J. Yates,QB,13,Houston Texans,12,17,70.60,98,0,2,2,45.30,0,0,0,1,0,3,6,1
.0,2.500000,.000000,746,2013,5,10/06,28,San Francisco 49ers,50,T.J. Yates,QB,13,Houston Texans,3,5,60.00,15,0,0,0,64.60,1,0,0,0,0,2,7,1
.0,2.500000,.000000,744,2013,3,09/22,3,Baltimore Ravens,50,T.J. Yates,QB,13,Houston Texans,0,0,.00,0,0,0,0,.00,0,0,0,0,0,1,8,1
.0,2.300000,.000000,1087,2016,16,12/22,23,New York Giants,333,Chase Daniel,QB,26,Philadelphia Eagles,1,1,100.00,16,0,0,0,118.80,0,0,0,0,0,10,1,1
.0,2.300000,.000000,865,2015,15,12/20,3,Baltimore Ravens,333,Chase Daniel,QB,16,Kansas City Chiefs,0,0,.00,0,0,0,0,.00,2,-2,0,0,0,9,2,1
.0,2.300000,.000000,636,2015,8,11/01,11,Detroit Lions,333,Chase Daniel,QB,16,Kansas City Chiefs,2,2,100.00,4,0,0,0,79.20,0,0,0,0,0,8,3,1
7.0,2.300000,12.000000,877,2014,17,12/28,17,Los Angeles Chargers,333,Chase Daniel,QB,16,Kansas City Chiefs,16,27,59.30,157,0,0,4,75.70,3,16,0,0,0,7,4,1
.0,2.300000,.500000,875,2014,15,12/14,25,Oakland Raiders,333,Chase Daniel,QB,16,Kansas City Chiefs,0,1,.00,0,0,0,0,39.60,1,-1,0,0,0,6,5,1
.0,2.300000,.000000,871,2014,8,10/26,18,Los Angeles Rams,333,Chase Daniel,QB,16,Kansas City Chiefs,0,0,.00,0,0,0,0,.00,0,0,0,0,0,5,6,1
17.0,2.300000,12.000000,885,2013,17,12/29,17,Los Angeles Chargers,333,Chase Daniel,QB,16,Kansas City Chiefs,21,30,70.00,200,1,0,2,99.30,7,59,0,0,0,4,7,2
1.0,2.300000,.500000,884,2013,15,12/15,25,Oakland Raiders,333,Chase Daniel,QB,16,Kansas City Chiefs,3,5,60.00,31,0,0,0,77.90,1,-1,0,0,0,3,8,2
-2.0,2.300000,-2.000000,883,2013,14,12/08,32,Washington Redskins,333,Chase Daniel,QB,16,Kansas City Chiefs,1,3,33.30,17,0,1,0,13.90,3,-3,0,0,0,2,9,1
.0,2.300000,.000000,879,2013,4,09/29,23,New York Giants,333,Chase Daniel,QB,16,Kansas City Chiefs,0,0,.00,0,0,0,0,.00,2,-2,0,0,0,1,10,2
.0,2.285714,-.333333,700,2017,4,10/01,31,Tennessee Titans,196,Tom Savage,QB,13,Houston Texans,0,0,.00,0,0,0,1,.00,0,0,0,0,0,7,1,1
-2.0,2.285714,4.000000,1251,2017,1,09/10,15,Jacksonville Jaguars,196,Tom Savage,QB,13,Houston Texans,7,13,53.80,62,0,0,6,66.80,0,0,0,2,2,6,2,1
-1.0,2.285714,-.333333,720,2016,17,01/01,31,Tennessee Titans,196,Tom Savage,QB,13,Houston Texans,5,8,62.50,25,0,0,1,67.20,2,1,0,1,1,5,3,2
8.0,2.285714,8.000000,389,2016,16,12/24,7,Cincinnati Bengals,196,Tom Savage,QB,13,Houston Texans,18,29,62.10,176,0,0,4,79.10,1,11,0,0,0,4,4,1
10.0,2.285714,4.000000,719,2016,15,12/18,15,Jacksonville Jaguars,196,Tom Savage,QB,13,Houston Texans,23,36,63.90,260,0,0,0,85.40,3,0,0,0,0,3,5,2
1.0,2.285714,1.000000,740,2014,15,12/14,14,Indianapolis Colts,196,Tom Savage,QB,13,Houston Texans,10,19,52.60,127,0,1,1,51.90,4,-4,0,2,1,2,6,1
.0,2.285714,-.333333,738,2014,13,11/30,31,Tennessee Titans,196,Tom Savage,QB,13,Houston Texans,0,0,.00,0,0,0,0,.00,2,-2,0,0,0,1,7,3
11.0,1.857142,11.000000,663,2017,7,10/22,22,New Orleans Saints,180,Brett Hundley,QB,12,Green Bay Packers,12,25,48.00,87,0,1,1,39.90,3,44,1,1,0,7,1,1
4.0,1.857142,2.000000,662,2017,6,10/15,20,Minnesota Vikings,180,Brett Hundley,QB,12,Green Bay Packers,18,33,54.50,157,1,3,4,39.60,1,3,0,1,0,6,2,1
.0,1.857142,.000000,297,2017,4,09/28,6,Chicago Bears,180,Brett Hundley,QB,12,Green Bay Packers,1,1,100.00,0,0,0,0,79.20,0,0,0,0,0,5,3,1
.0,1.857142,2.000000,675,2016,16,12/24,20,Minnesota Vikings,180,Brett Hundley,QB,12,Green Bay Packers,0,1,.00,0,0,0,0,39.60,0,0,0,0,0,4,4,2
.0,1.857142,.000000,674,2016,14,12/11,29,Seattle Seahawks,180,Brett Hundley,QB,12,Green Bay Packers,0,2,.00,0,0,0,0,39.60,2,-2,0,0,0,3,5,1
-2.0,1.857142,-2.000000,671,2016,11,11/20,32,Washington Redskins,180,Brett Hundley,QB,12,Green Bay Packers,1,3,33.30,9,0,1,0,2.80,1,0,0,1,0,2,6,1
.0,1.857142,.000000,670,2016,10,11/13,31,Tennessee Titans,180,Brett Hundley,QB,12,Green Bay Packers,1,4,25.00,8,0,0,0,39.60,0,0,0,0,0,1,7,1
11.0,1.600000,11.000000,151,2017,5,10/08,3,Baltimore Ravens,380,EJ Manuel,QB,25,Oakland Raiders,13,26,50.00,159,1,0,3,82.10,2,15,0,0,0,28,1,1
2.0,1.600000,2.000000,550,2017,4,10/01,10,Denver Broncos,380,EJ Manuel,QB,25,Oakland Raiders,11,17,64.70,106,0,1,1,57.50,0,0,0,0,0,27,2,1
1.0,1.600000,.333333,189,2016,17,01/01,24,New York Jets,380,EJ Manuel,QB,4,Buffalo Bills,9,20,45.00,86,0,0,2,57.50,2,8,0,1,1,26,3,1
.0,1.600000,.000000,187,2016,15,12/18,8,Cleveland Browns,380,EJ Manuel,QB,4,Buffalo Bills,0,1,.00,0,0,0,0,39.60,1,1,0,0,0,25,4,1
.0,1.600000,.000000,185,2016,13,12/04,25,Oakland Raiders,380,EJ Manuel,QB,4,Buffalo Bills,0,0,.00,0,0,0,0,.00,0,0,0,0,0,24,5,1
1.0,1.600000,1.000000,181,2016,8,10/30,21,New England Patriots,380,EJ Manuel,QB,4,Buffalo Bills,1,2,50.00,35,0,0,1,95.80,0,0,0,0,0,23,6,1
1.0,1.600000,1.000000,179,2016,6,10/16,28,San Francisco 49ers,380,EJ Manuel,QB,4,Buffalo Bills,0,2,.00,0,0,0,0,39.60,3,11,0,0,0,22,7,1
.0,1.600000,.333333,176,2016,2,09/15,24,New York Jets,380,EJ Manuel,QB,4,Buffalo Bills,1,1,100.00,10,0,0,0,108.30,2,2,0,1,0,21,8,2
.0,1.600000,.333333,204,2015,17,01/03,24,New York Jets,380,EJ Manuel,QB,4,Buffalo Bills,0,0,.00,0,0,0,0,.00,0,0,0,0,0,20,9,3
.0,1.600000,.000000,202,2015,15,12/20,32,Washington Redskins,380,EJ Manuel,QB,4,Buffalo Bills,0,0,.00,0,0,0,0,.00,2,6,0,0,0,19,10,1
1.0,1.000000,1.000000,189,2016,17,01/01,24,New York Jets,255,Cardale Jones,QB,4,Buffalo Bills,6,11,54.50,96,0,1,1,46.00,1,-1,0,0,0,1,1,1
1.0,1.000000,1.000000,489,2017,7,10/22,28,San Francisco 49ers,128,Cooper Rush,QB,9,Dallas Cowboys,1,2,50.00,2,0,0,0,56.20,2,13,0,0,0,1,1,1
.0,.600000,-1.250000,6,2017,7,10/22,18,Los Angeles Rams,2,Drew Stanton,QB,1,Arizona Cardinals,5,14,35.70,66,0,1,2,21.70,1,4,0,1,0,22,1,1
-2.0,.600000,-1.250000,30,2016,17,01/01,18,Los Angeles Rams,2,Drew Stanton,QB,1,Arizona Cardinals,2,4,50.00,8,0,1,0,16.70,0,0,0,0,0,21,2,2
.0,.600000,.000000,20,2016,6,10/17,24,New York Jets,2,Drew Stanton,QB,1,Arizona Cardinals,1,1,100.00,12,0,0,0,116.70,1,-1,0,0,0,20,3,1
12.0,.600000,12.000000,19,2016,5,10/06,28,San Francisco 49ers,2,Drew Stanton,QB,1,Arizona Cardinals,11,28,39.30,124,2,0,1,77.10,2,-2,0,0,0,19,4,1
-3.0,.600000,-1.250000,18,2016,4,10/02,18,Los Angeles Rams,2,Drew Stanton,QB,1,Arizona Cardinals,4,11,36.40,37,0,2,0,6.80,0,0,0,0,0,18,5,3
.0,.600000,.000000,16,2016,2,09/18,30,Tampa Bay Buccaneers,2,Drew Stanton,QB,1,Arizona Cardinals,1,4,25.00,11,0,0,0,39.60,0,0,0,0,0,17,6,1
-1.0,.600000,-1.000000,45,2015,17,01/03,29,Seattle Seahawks,2,Drew Stanton,QB,1,Arizona Cardinals,8,18,44.40,84,0,2,2,19.00,0,0,0,0,0,16,7,1
.0,.600000,.000000,44,2015,16,12/27,12,Green Bay Packers,2,Drew Stanton,QB,1,Arizona Cardinals,1,1,100.00,4,0,0,0,83.30,2,-2,0,0,0,15,8,1
.0,.600000,.000000,43,2015,15,12/20,26,Philadelphia Eagles,2,Drew Stanton,QB,1,Arizona Cardinals,0,1,.00,0,0,0,0,39.60,2,-2,0,0,0,14,9,1
.0,.600000,-1.250000,41,2015,13,12/06,18,Los Angeles Rams,2,Drew Stanton,QB,1,Arizona Cardinals,1,1,100.00,6,0,0,0,91.70,3,-3,0,0,0,13,10,4
.0,.000000,.000000,1201,2017,1,09/10,1,Arizona Cardinals,163,Jake Rudock,QB,11,Detroit Lions,0,0,.00,0,0,0,0,.00,0,0,0,0,0,1,1,1
.0,-.250000,-1.000000,6,2017,7,10/22,1,Arizona Cardinals,271,Sean Mannion,QB,18,Los Angeles Rams,0,0,.00,0,0,0,0,.00,1,-1,0,0,0,4,1,1
.0,-.250000,.000000,1255,2017,1,09/10,14,Indianapolis Colts,271,Sean Mannion,QB,18,Los Angeles Rams,1,1,100.00,12,0,0,0,116.70,3,-7,0,0,0,3,2,1
-2.0,-.250000,-1.000000,30,2016,17,01/01,1,Arizona Cardinals,271,Sean Mannion,QB,18,Los Angeles Rams,3,6,50.00,19,0,1,0,17.40,1,-1,0,1,0,2,3,2
1.0,-.250000,1.000000,398,2015,12,11/29,7,Cincinnati Bengals,271,Sean Mannion,QB,18,Los Angeles Rams,6,7,85.70,31,0,0,0,85.10,0,0,0,0,0,1,4,1
