ID,Year,Week,Date,HomeTeamID,HomeTeam,HomeScore,AwayTeamID,AwayTeam,AwayScore
1259,2017,1,09/07,21,New England Patriots,27,16,Kansas City Chiefs,42
1216,2017,1,09/10,4,Buffalo Bills,21,24,New York Jets,12
1206,2017,1,09/10,6,Chicago Bears,17,2,Atlanta Falcons,23
1211,2017,1,09/10,7,Cincinnati Bengals,0,3,Baltimore Ravens,20
1231,2017,1,09/10,8,Cleveland Browns,18,27,Pittsburgh Steelers,21
1236,2017,1,09/10,9,Dallas Cowboys,19,23,New York Giants,3
1201,2017,1,09/10,11,Detroit Lions,35,1,Arizona Cardinals,23
1247,2017,1,09/10,12,Green Bay Packers,17,29,Seattle Seahawks,9
1251,2017,1,09/10,13,Houston Texans,7,15,Jacksonville Jaguars,29
1255,2017,1,09/10,18,Los Angeles Rams,46,14,Indianapolis Colts,9
1265,2017,1,09/10,19,Miami Dolphins,,30,Tampa Bay Buccaneers,
1221,2017,1,09/10,28,San Francisco 49ers,3,5,Carolina Panthers,23
1276,2017,1,09/10,31,Tennessee Titans,16,25,Oakland Raiders,26
1277,2017,1,09/10,32,Washington Redskins,17,26,Philadelphia Eagles,30
1241,2017,1,09/11,10,Denver Broncos,24,17,Los Angeles Chargers,21
1269,2017,1,09/11,20,Minnesota Vikings,29,22,New Orleans Saints,19
365,2017,2,09/14,7,Cincinnati Bengals,9,13,Houston Texans,13
76,2017,2,09/17,2,Atlanta Falcons,34,12,Green Bay Packers,23
148,2017,2,09/17,3,Baltimore Ravens,24,8,Cleveland Browns,10
163,2017,2,09/17,5,Carolina Panthers,9,4,Buffalo Bills,3
486,2017,2,09/17,10,Denver Broncos,42,9,Dallas Cowboys,17
1,2017,2,09/17,14,Indianapolis Colts,13,1,Arizona Cardinals,16
803,2017,2,09/17,15,Jacksonville Jaguars,16,31,Tennessee Titans,37
842,2017,2,09/17,16,Kansas City Chiefs,27,26,Philadelphia Eagles,20
886,2017,2,09/17,17,Los Angeles Chargers,17,19,Miami Dolphins,19
922,2017,2,09/17,18,Los Angeles Rams,20,32,Washington Redskins,27
1023,2017,2,09/17,22,New Orleans Saints,20,21,New England Patriots,36
1109,2017,2,09/17,25,Oakland Raiders,45,24,New York Jets,20
1003,2017,2,09/17,27,Pittsburgh Steelers,26,20,Minnesota Vikings,9
1175,2017,2,09/17,29,Seattle Seahawks,12,28,San Francisco 49ers,9
295,2017,2,09/17,30,Tampa Bay Buccaneers,29,6,Chicago Bears,7
613,2017,2,09/18,23,New York Giants,10,11,Detroit Lions,24
923,2017,3,09/21,28,San Francisco 49ers,39,18,Los Angeles Rams,41
164,2017,3,09/24,4,Buffalo Bills,26,10,Denver Broncos,16
234,2017,3,09/24,5,Carolina Panthers,13,22,New Orleans Saints,34
296,2017,3,09/24,6,Chicago Bears,23,27,Pittsburgh Steelers,17
77,2017,3,09/24,11,Detroit Lions,26,2,Atlanta Falcons,30
366,2017,3,09/24,12,Green Bay Packers,27,7,Cincinnati Bengals,24
431,2017,3,09/24,14,Indianapolis Colts,31,8,Cleveland Browns,28
149,2017,3,09/24,15,Jacksonville Jaguars,44,3,Baltimore Ravens,7
843,2017,3,09/24,17,Los Angeles Chargers,10,16,Kansas City Chiefs,24
1004,2017,3,09/24,20,Minnesota Vikings,34,30,Tampa Bay Buccaneers,17
699,2017,3,09/24,21,New England Patriots,36,13,Houston Texans,33
965,2017,3,09/24,24,New York Jets,20,19,Miami Dolphins,6
1075,2017,3,09/24,26,Philadelphia Eagles,27,23,New York Giants,24
1192,2017,3,09/24,31,Tennessee Titans,33,29,Seattle Seahawks,27
1125,2017,3,09/24,32,Washington Redskins,27,25,Oakland Raiders,10
2,2017,3,09/25,1,Arizona Cardinals,17,9,Dallas Cowboys,28
297,2017,4,09/28,12,Green Bay Packers,35,6,Chicago Bears,14
3,2017,4,10/01,1,Arizona Cardinals,18,28,San Francisco 49ers,15
78,2017,4,10/01,2,Atlanta Falcons,17,4,Buffalo Bills,23
150,2017,4,10/01,3,Baltimore Ravens,9,27,Pittsburgh Steelers,26
367,2017,4,10/01,8,Cleveland Browns,7,7,Cincinnati Bengals,31
487,2017,4,10/01,9,Dallas Cowboys,30,18,Los Angeles Rams,35
550,2017,4,10/01,10,Denver Broncos,16,25,Oakland Raiders,10
700,2017,4,10/01,13,Houston Texans,57,31,Tennessee Titans,14
887,2017,4,10/01,17,Los Angeles Chargers,24,26,Philadelphia Eagles,26
966,2017,4,10/01,19,Miami Dolphins,0,22,New Orleans Saints,20
614,2017,4,10/01,20,Minnesota Vikings,7,11,Detroit Lions,14
235,2017,4,10/01,21,New England Patriots,30,5,Carolina Panthers,33
804,2017,4,10/01,24,New York Jets,23,15,Jacksonville Jaguars,20
756,2017,4,10/01,29,Seattle Seahawks,46,14,Indianapolis Colts,18
1076,2017,4,10/01,30,Tampa Bay Buccaneers,25,23,New York Giants,23
844,2017,4,10/02,16,Kansas City Chiefs,29,32,Washington Redskins,20
1024,2017,5,10/05,30,Tampa Bay Buccaneers,14,21,New England Patriots,19
165,2017,5,10/08,7,Cincinnati Bengals,20,4,Buffalo Bills,16
432,2017,5,10/08,8,Cleveland Browns,14,24,New York Jets,17
488,2017,5,10/08,9,Dallas Cowboys,31,12,Green Bay Packers,35
236,2017,5,10/08,11,Detroit Lions,24,5,Carolina Panthers,27
701,2017,5,10/08,13,Houston Texans,34,16,Kansas City Chiefs,42
757,2017,5,10/08,14,Indianapolis Colts,26,28,San Francisco 49ers,23
924,2017,5,10/08,18,Los Angeles Rams,10,29,Seattle Seahawks,16
967,2017,5,10/08,19,Miami Dolphins,16,31,Tennessee Titans,10
888,2017,5,10/08,23,New York Giants,22,17,Los Angeles Chargers,27
151,2017,5,10/08,25,Oakland Raiders,17,3,Baltimore Ravens,30
4,2017,5,10/08,26,Philadelphia Eagles,34,1,Arizona Cardinals,7
805,2017,5,10/08,27,Pittsburgh Steelers,9,15,Jacksonville Jaguars,30
298,2017,5,10/09,6,Chicago Bears,17,20,Minnesota Vikings,20
237,2017,6,10/12,5,Carolina Panthers,23,26,Philadelphia Eagles,28
5,2017,6,10/15,1,Arizona Cardinals,38,30,Tampa Bay Buccaneers,33
79,2017,6,10/15,2,Atlanta Falcons,17,19,Miami Dolphins,20
152,2017,6,10/15,3,Baltimore Ravens,24,6,Chicago Bears,27
551,2017,6,10/15,10,Denver Broncos,10,23,New York Giants,23
433,2017,6,10/15,13,Houston Texans,33,8,Cleveland Browns,17
806,2017,6,10/15,15,Jacksonville Jaguars,17,18,Los Angeles Rams,27
845,2017,6,10/15,16,Kansas City Chiefs,13,27,Pittsburgh Steelers,19
662,2017,6,10/15,20,Minnesota Vikings,23,12,Green Bay Packers,10
615,2017,6,10/15,22,New Orleans Saints,52,11,Detroit Lions,38
1025,2017,6,10/15,24,New York Jets,17,21,New England Patriots,24
889,2017,6,10/15,25,Oakland Raiders,16,17,Los Angeles Chargers,17
1176,2017,6,10/15,32,Washington Redskins,26,28,San Francisco 49ers,24
758,2017,6,10/16,31,Tennessee Titans,36,14,Indianapolis Colts,22
846,2017,7,10/19,25,Oakland Raiders,31,16,Kansas City Chiefs,30
166,2017,7,10/22,4,Buffalo Bills,30,30,Tampa Bay Buccaneers,27
238,2017,7,10/22,6,Chicago Bears,17,5,Carolina Panthers,3
434,2017,7,10/22,8,Cleveland Browns,9,31,Tennessee Titans,12
663,2017,7,10/22,12,Green Bay Packers,17,22,New Orleans Saints,26
759,2017,7,10/22,14,Indianapolis Colts,0,15,Jacksonville Jaguars,27
552,2017,7,10/22,17,Los Angeles Chargers,21,10,Denver Broncos,0
6,2017,7,10/22,18,Los Angeles Rams,33,1,Arizona Cardinals,0
968,2017,7,10/22,19,Miami Dolphins,31,24,New York Jets,28
153,2017,7,10/22,20,Minnesota Vikings,24,3,Baltimore Ravens,16
80,2017,7,10/22,21,New England Patriots,23,2,Atlanta Falcons,7
1077,2017,7,10/22,23,New York Giants,7,29,Seattle Seahawks,24
368,2017,7,10/22,27,Pittsburgh Steelers,29,7,Cincinnati Bengals,14
489,2017,7,10/22,28,San Francisco 49ers,10,9,Dallas Cowboys,40
1139,2017,7,10/23,26,Philadelphia Eagles,34,32,Washington Redskins,24
154,2017,8,10/26,3,Baltimore Ravens,40,19,Miami Dolphins,0
167,2017,8,10/29,4,Buffalo Bills,34,25,Oakland Raiders,14
369,2017,8,10/29,7,Cincinnati Bengals,24,14,Indianapolis Colts,23
435,2017,8,10/29,8,Cleveland Browns,16,20,Minnesota Vikings,33
616,2017,8,10/29,11,Detroit Lions,15,27,Pittsburgh Steelers,20
890,2017,8,10/29,21,New England Patriots,21,17,Los Angeles Chargers,13
299,2017,8,10/29,22,New Orleans Saints,20,6,Chicago Bears,12
81,2017,8,10/29,24,New York Jets,20,2,Atlanta Falcons,25
1140,2017,8,10/29,26,Philadelphia Eagles,33,28,San Francisco 49ers,10
702,2017,8,10/29,29,Seattle Seahawks,41,13,Houston Texans,38
239,2017,8,10/29,30,Tampa Bay Buccaneers,3,5,Carolina Panthers,17
490,2017,8,10/29,32,Washington Redskins,19,9,Dallas Cowboys,33
553,2017,8,10/30,16,Kansas City Chiefs,29,10,Denver Broncos,19
1217,2017,9,11/02,24,New York Jets,34,4,Buffalo Bills,21
82,2017,9,11/05,5,Carolina Panthers,,2,Atlanta Falcons,
491,2017,9,11/05,9,Dallas Cowboys,,16,Kansas City Chiefs,
703,2017,9,11/05,13,Houston Texans,,14,Indianapolis Colts,
370,2017,9,11/05,15,Jacksonville Jaguars,,7,Cincinnati Bengals,
969,2017,9,11/05,19,Miami Dolphins,,25,Oakland Raiders,
1050,2017,9,11/05,22,New Orleans Saints,,30,Tampa Bay Buccaneers,
925,2017,9,11/05,23,New York Giants,,18,Los Angeles Rams,
554,2017,9,11/05,26,Philadelphia Eagles,,10,Denver Broncos,
7,2017,9,11/05,28,San Francisco 49ers,,1,Arizona Cardinals,
1193,2017,9,11/05,29,Seattle Seahawks,,32,Washington Redskins,
155,2017,9,11/05,31,Tennessee Titans,,3,Baltimore Ravens,
617,2017,9,11/06,12,Green Bay Packers,,11,Detroit Lions,
8,2017,10,11/09,1,Arizona Cardinals,,29,Seattle Seahawks,
83,2017,10,11/12,2,Atlanta Falcons,,9,Dallas Cowboys,
168,2017,10,11/12,4,Buffalo Bills,,22,New Orleans Saints,
300,2017,10,11/12,6,Chicago Bears,,12,Green Bay Packers,
555,2017,10,11/12,10,Denver Broncos,,21,New England Patriots,
436,2017,10,11/12,11,Detroit Lions,,8,Cleveland Browns,
760,2017,10,11/12,14,Indianapolis Colts,,27,Pittsburgh Steelers,
807,2017,10,11/12,15,Jacksonville Jaguars,,17,Los Angeles Chargers,
704,2017,10,11/12,18,Los Angeles Rams,,13,Houston Texans,
1078,2017,10,11/12,28,San Francisco 49ers,,23,New York Giants,
1110,2017,10,11/12,30,Tampa Bay Buccaneers,,24,New York Jets,
371,2017,10,11/12,31,Tennessee Titans,,7,Cincinnati Bengals,
1005,2017,10,11/12,32,Washington Redskins,,20,Minnesota Vikings,
240,2017,10,11/13,5,Carolina Panthers,,19,Miami Dolphins,
1157,2017,11,11/16,27,Pittsburgh Steelers,,31,Tennessee Titans,
301,2017,11,11/19,6,Chicago Bears,,11,Detroit Lions,
437,2017,11,11/19,8,Cleveland Browns,,15,Jacksonville Jaguars,
492,2017,11,11/19,9,Dallas Cowboys,,26,Philadelphia Eagles,
372,2017,11,11/19,10,Denver Broncos,,7,Cincinnati Bengals,
156,2017,11,11/19,12,Green Bay Packers,,3,Baltimore Ravens,
9,2017,11,11/19,13,Houston Texans,,1,Arizona Cardinals,
169,2017,11,11/19,17,Los Angeles Chargers,,4,Buffalo Bills,
970,2017,11,11/19,19,Miami Dolphins,,30,Tampa Bay Buccaneers,
926,2017,11,11/19,20,Minnesota Vikings,,18,Los Angeles Rams,
1051,2017,11,11/19,22,New Orleans Saints,,32,Washington Redskins,
847,2017,11,11/19,23,New York Giants,,16,Kansas City Chiefs,
1026,2017,11,11/19,25,Oakland Raiders,,21,New England Patriots,
84,2017,11,11/20,29,Seattle Seahawks,,2,Atlanta Falcons,
493,2017,12,11/23,9,Dallas Cowboys,,17,Los Angeles Chargers,
618,2017,12,11/23,11,Detroit Lions,,20,Minnesota Vikings,
1079,2017,12,11/23,32,Washington Redskins,,23,New York Giants,
10,2017,12,11/26,1,Arizona Cardinals,,15,Jacksonville Jaguars,
85,2017,12,11/26,2,Atlanta Falcons,,30,Tampa Bay Buccaneers,
373,2017,12,11/26,7,Cincinnati Bengals,,8,Cleveland Browns,
761,2017,12,11/26,14,Indianapolis Colts,,31,Tennessee Titans,
170,2017,12,11/26,16,Kansas City Chiefs,,4,Buffalo Bills,
927,2017,12,11/26,18,Los Angeles Rams,,22,New Orleans Saints,
971,2017,12,11/26,21,New England Patriots,,19,Miami Dolphins,
241,2017,12,11/26,24,New York Jets,,5,Carolina Panthers,
556,2017,12,11/26,25,Oakland Raiders,,10,Denver Broncos,
302,2017,12,11/26,26,Philadelphia Eagles,,6,Chicago Bears,
664,2017,12,11/26,27,Pittsburgh Steelers,,12,Green Bay Packers,
1177,2017,12,11/26,28,San Francisco 49ers,,29,Seattle Seahawks,
157,2017,12,11/27,3,Baltimore Ravens,,13,Houston Texans,
494,2017,13,11/30,9,Dallas Cowboys,,32,Washington Redskins,
11,2017,13,12/03,1,Arizona Cardinals,,18,Los Angeles Rams,
86,2017,13,12/03,2,Atlanta Falcons,,20,Minnesota Vikings,
158,2017,13,12/03,3,Baltimore Ravens,,11,Detroit Lions,
171,2017,13,12/03,4,Buffalo Bills,,21,New England Patriots,
303,2017,13,12/03,6,Chicago Bears,,28,San Francisco 49ers,
665,2017,13,12/03,12,Green Bay Packers,,30,Tampa Bay Buccaneers,
762,2017,13,12/03,15,Jacksonville Jaguars,,14,Indianapolis Colts,
438,2017,13,12/03,17,Los Angeles Chargers,,8,Cleveland Browns,
557,2017,13,12/03,19,Miami Dolphins,,10,Denver Broncos,
242,2017,13,12/03,22,New Orleans Saints,,5,Carolina Panthers,
848,2017,13,12/03,24,New York Jets,,16,Kansas City Chiefs,
1080,2017,13,12/03,25,Oakland Raiders,,23,New York Giants,
1141,2017,13,12/03,29,Seattle Seahawks,,26,Philadelphia Eagles,
705,2017,13,12/03,31,Tennessee Titans,,13,Houston Texans,
374,2017,13,12/04,7,Cincinnati Bengals,,27,Pittsburgh Steelers,
87,2017,14,12/07,2,Atlanta Falcons,,22,New Orleans Saints,
12,2017,14,12/10,1,Arizona Cardinals,,31,Tennessee Titans,
172,2017,14,12/10,4,Buffalo Bills,,14,Indianapolis Colts,
243,2017,14,12/10,5,Carolina Panthers,,20,Minnesota Vikings,
304,2017,14,12/10,7,Cincinnati Bengals,,6,Chicago Bears,
439,2017,14,12/10,8,Cleveland Browns,,12,Green Bay Packers,
558,2017,14,12/10,10,Denver Broncos,,24,New York Jets,
706,2017,14,12/10,13,Houston Texans,,28,San Francisco 49ers,
808,2017,14,12/10,15,Jacksonville Jaguars,,29,Seattle Seahawks,
849,2017,14,12/10,16,Kansas City Chiefs,,25,Oakland Raiders,
891,2017,14,12/10,17,Los Angeles Chargers,,32,Washington Redskins,
928,2017,14,12/10,18,Los Angeles Rams,,26,Philadelphia Eagles,
495,2017,14,12/10,23,New York Giants,,9,Dallas Cowboys,
159,2017,14,12/10,27,Pittsburgh Steelers,,3,Baltimore Ravens,
619,2017,14,12/10,30,Tampa Bay Buccaneers,,11,Detroit Lions,
972,2017,14,12/11,19,Miami Dolphins,,21,New England Patriots,
559,2017,15,12/14,14,Indianapolis Colts,,10,Denver Broncos,
305,2017,15,12/16,11,Detroit Lions,,6,Chicago Bears,
850,2017,15,12/16,16,Kansas City Chiefs,,17,Los Angeles Chargers,
173,2017,15,12/17,4,Buffalo Bills,,19,Miami Dolphins,
244,2017,15,12/17,5,Carolina Panthers,,12,Green Bay Packers,
160,2017,15,12/17,8,Cleveland Browns,,3,Baltimore Ravens,
707,2017,15,12/17,15,Jacksonville Jaguars,,13,Houston Texans,
375,2017,15,12/17,20,Minnesota Vikings,,7,Cincinnati Bengals,
1052,2017,15,12/17,22,New Orleans Saints,,24,New York Jets,
1081,2017,15,12/17,23,New York Giants,,26,Philadelphia Eagles,
496,2017,15,12/17,25,Oakland Raiders,,9,Dallas Cowboys,
1027,2017,15,12/17,27,Pittsburgh Steelers,,21,New England Patriots,
1178,2017,15,12/17,28,San Francisco 49ers,,31,Tennessee Titans,
929,2017,15,12/17,29,Seattle Seahawks,,18,Los Angeles Rams,
13,2017,15,12/17,32,Washington Redskins,,1,Arizona Cardinals,
88,2017,15,12/18,30,Tampa Bay Buccaneers,,2,Atlanta Falcons,
161,2017,16,12/23,3,Baltimore Ravens,,14,Indianapolis Colts,
666,2017,16,12/23,12,Green Bay Packers,,20,Minnesota Vikings,
14,2017,16,12/24,1,Arizona Cardinals,,23,New York Giants,
245,2017,16,12/24,5,Carolina Panthers,,30,Tampa Bay Buccaneers,
306,2017,16,12/24,6,Chicago Bears,,8,Cleveland Browns,
376,2017,16,12/24,7,Cincinnati Bengals,,11,Detroit Lions,
497,2017,16,12/24,9,Dallas Cowboys,,29,Seattle Seahawks,
851,2017,16,12/24,16,Kansas City Chiefs,,19,Miami Dolphins,
174,2017,16,12/24,21,New England Patriots,,4,Buffalo Bills,
89,2017,16,12/24,22,New Orleans Saints,,2,Atlanta Falcons,
892,2017,16,12/24,24,New York Jets,,17,Los Angeles Chargers,
809,2017,16,12/24,28,San Francisco 49ers,,15,Jacksonville Jaguars,
930,2017,16,12/24,31,Tennessee Titans,,18,Los Angeles Rams,
560,2017,16,12/24,32,Washington Redskins,,10,Denver Broncos,
708,2017,16,12/25,13,Houston Texans,,27,Pittsburgh Steelers,
1126,2017,16,12/25,26,Philadelphia Eagles,,25,Oakland Raiders,
90,2017,17,12/31,2,Atlanta Falcons,,5,Carolina Panthers,
162,2017,17,12/31,3,Baltimore Ravens,,7,Cincinnati Bengals,
561,2017,17,12/31,10,Denver Broncos,,16,Kansas City Chiefs,
620,2017,17,12/31,11,Detroit Lions,,12,Green Bay Packers,
709,2017,17,12/31,14,Indianapolis Colts,,13,Houston Texans,
893,2017,17,12/31,17,Los Angeles Chargers,,25,Oakland Raiders,
931,2017,17,12/31,18,Los Angeles Rams,,28,San Francisco 49ers,
175,2017,17,12/31,19,Miami Dolphins,,4,Buffalo Bills,
307,2017,17,12/31,20,Minnesota Vikings,,6,Chicago Bears,
1028,2017,17,12/31,21,New England Patriots,,24,New York Jets,
1082,2017,17,12/31,23,New York Giants,,32,Washington Redskins,
498,2017,17,12/31,26,Philadelphia Eagles,,9,Dallas Cowboys,
440,2017,17,12/31,27,Pittsburgh Steelers,,8,Cleveland Browns,
15,2017,17,12/31,29,Seattle Seahawks,,1,Arizona Cardinals,
1053,2017,17,12/31,30,Tampa Bay Buccaneers,,22,New Orleans Saints,
810,2017,17,12/31,31,Tennessee Titans,,15,Jacksonville Jaguars,
1222,2016,1,09/08,10,Denver Broncos,21,5,Carolina Panthers,20
1202,2016,1,09/11,1,Arizona Cardinals,21,21,New England Patriots,23
1207,2016,1,09/11,2,Atlanta Falcons,24,30,Tampa Bay Buccaneers,31
1212,2016,1,09/11,3,Baltimore Ravens,13,4,Buffalo Bills,7
1237,2016,1,09/11,9,Dallas Cowboys,19,23,New York Giants,20
1226,2016,1,09/11,13,Houston Texans,23,6,Chicago Bears,14
1243,2016,1,09/11,14,Indianapolis Colts,35,11,Detroit Lions,39
1248,2016,1,09/11,15,Jacksonville Jaguars,23,12,Green Bay Packers,27
1260,2016,1,09/11,16,Kansas City Chiefs,33,17,Los Angeles Chargers,27
1273,2016,1,09/11,22,New Orleans Saints,34,25,Oakland Raiders,35
1229,2016,1,09/11,24,New York Jets,22,7,Cincinnati Bengals,23
1232,2016,1,09/11,26,Philadelphia Eagles,29,8,Cleveland Browns,10
1266,2016,1,09/11,29,Seattle Seahawks,12,19,Miami Dolphins,10
1270,2016,1,09/11,31,Tennessee Titans,16,20,Minnesota Vikings,25
1262,2016,1,09/12,28,San Francisco 49ers,28,18,Los Angeles Rams,0
1279,2016,1,09/12,32,Washington Redskins,16,27,Pittsburgh Steelers,38
176,2016,2,09/15,4,Buffalo Bills,31,24,New York Jets,37
16,2016,2,09/18,1,Arizona Cardinals,40,30,Tampa Bay Buccaneers,7
246,2016,2,09/18,5,Carolina Panthers,46,28,San Francisco 49ers,27
441,2016,2,09/18,8,Cleveland Browns,20,3,Baltimore Ravens,25
562,2016,2,09/18,10,Denver Broncos,34,14,Indianapolis Colts,20
621,2016,2,09/18,11,Detroit Lions,15,31,Tennessee Titans,16
710,2016,2,09/18,13,Houston Texans,19,16,Kansas City Chiefs,12
811,2016,2,09/18,17,Los Angeles Chargers,38,15,Jacksonville Jaguars,14
932,2016,2,09/18,18,Los Angeles Rams,9,29,Seattle Seahawks,3
667,2016,2,09/18,20,Minnesota Vikings,17,12,Green Bay Packers,14
973,2016,2,09/18,21,New England Patriots,31,19,Miami Dolphins,24
1054,2016,2,09/18,23,New York Giants,16,22,New Orleans Saints,13
91,2016,2,09/18,25,Oakland Raiders,28,2,Atlanta Falcons,35
377,2016,2,09/18,27,Pittsburgh Steelers,24,7,Cincinnati Bengals,16
499,2016,2,09/18,32,Washington Redskins,23,9,Dallas Cowboys,27
308,2016,2,09/19,6,Chicago Bears,14,26,Philadelphia Eagles,29
711,2016,3,09/22,21,New England Patriots,27,13,Houston Texans,0
17,2016,3,09/25,4,Buffalo Bills,33,1,Arizona Cardinals,18
247,2016,3,09/25,5,Carolina Panthers,10,20,Minnesota Vikings,22
378,2016,3,09/25,7,Cincinnati Bengals,17,10,Denver Broncos,29
309,2016,3,09/25,9,Dallas Cowboys,31,6,Chicago Bears,17
622,2016,3,09/25,12,Green Bay Packers,34,11,Detroit Lions,27
763,2016,3,09/25,14,Indianapolis Colts,26,17,Los Angeles Chargers,22
812,2016,3,09/25,15,Jacksonville Jaguars,17,3,Baltimore Ravens,19
852,2016,3,09/25,16,Kansas City Chiefs,24,24,New York Jets,3
442,2016,3,09/25,19,Miami Dolphins,30,8,Cleveland Browns,24
1083,2016,3,09/25,23,New York Giants,27,32,Washington Redskins,29
1142,2016,3,09/25,26,Philadelphia Eagles,34,27,Pittsburgh Steelers,3
1179,2016,3,09/25,29,Seattle Seahawks,37,28,San Francisco 49ers,18
933,2016,3,09/25,30,Tampa Bay Buccaneers,32,18,Los Angeles Rams,37
1127,2016,3,09/25,31,Tennessee Titans,10,25,Oakland Raiders,17
92,2016,3,09/26,22,New Orleans Saints,32,2,Atlanta Falcons,45
379,2016,4,09/29,7,Cincinnati Bengals,22,19,Miami Dolphins,7
18,2016,4,10/02,1,Arizona Cardinals,13,18,Los Angeles Rams,17
93,2016,4,10/02,2,Atlanta Falcons,48,5,Carolina Panthers,33
1128,2016,4,10/02,3,Baltimore Ravens,27,25,Oakland Raiders,28
310,2016,4,10/02,6,Chicago Bears,17,11,Detroit Lions,14
712,2016,4,10/02,13,Houston Texans,27,31,Tennessee Titans,20
764,2016,4,10/02,15,Jacksonville Jaguars,30,14,Indianapolis Colts,27
894,2016,4,10/02,17,Los Angeles Chargers,34,22,New Orleans Saints,35
177,2016,4,10/02,21,New England Patriots,0,4,Buffalo Bills,16
1111,2016,4,10/02,24,New York Jets,17,29,Seattle Seahawks,27
853,2016,4,10/02,27,Pittsburgh Steelers,43,16,Kansas City Chiefs,14
500,2016,4,10/02,28,San Francisco 49ers,17,9,Dallas Cowboys,24
563,2016,4,10/02,30,Tampa Bay Buccaneers,7,10,Denver Broncos,27
443,2016,4,10/02,32,Washington Redskins,31,8,Cleveland Browns,20
1006,2016,4,10/03,20,Minnesota Vikings,24,23,New York Giants,10
19,2016,5,10/06,28,San Francisco 49ers,21,1,Arizona Cardinals,33
1158,2016,5,10/09,3,Baltimore Ravens,10,32,Washington Redskins,16
444,2016,5,10/09,8,Cleveland Browns,13,21,New England Patriots,33
380,2016,5,10/09,9,Dallas Cowboys,28,7,Cincinnati Bengals,14
94,2016,5,10/09,10,Denver Broncos,16,2,Atlanta Falcons,23
623,2016,5,10/09,11,Detroit Lions,24,26,Philadelphia Eagles,23
668,2016,5,10/09,12,Green Bay Packers,23,23,New York Giants,16
311,2016,5,10/09,14,Indianapolis Colts,29,6,Chicago Bears,23
178,2016,5,10/09,18,Los Angeles Rams,19,4,Buffalo Bills,30
974,2016,5,10/09,19,Miami Dolphins,17,31,Tennessee Titans,30
713,2016,5,10/09,20,Minnesota Vikings,31,13,Houston Texans,13
895,2016,5,10/09,25,Oakland Raiders,34,17,Los Angeles Chargers,31
1112,2016,5,10/09,27,Pittsburgh Steelers,31,24,New York Jets,13
248,2016,5,10/10,5,Carolina Panthers,14,30,Tampa Bay Buccaneers,17
564,2016,6,10/13,17,Los Angeles Chargers,21,10,Denver Broncos,13
179,2016,6,10/16,4,Buffalo Bills,45,28,San Francisco 49ers,16
312,2016,6,10/16,6,Chicago Bears,16,15,Jacksonville Jaguars,17
624,2016,6,10/16,11,Detroit Lions,31,18,Los Angeles Rams,28
501,2016,6,10/16,12,Green Bay Packers,16,9,Dallas Cowboys,30
714,2016,6,10/16,13,Houston Texans,26,14,Indianapolis Colts,23
975,2016,6,10/16,19,Miami Dolphins,30,27,Pittsburgh Steelers,15
381,2016,6,10/16,21,New England Patriots,35,7,Cincinnati Bengals,17
249,2016,6,10/16,22,New Orleans Saints,41,5,Carolina Panthers,38
1084,2016,6,10/16,23,New York Giants,27,3,Baltimore Ravens,23
854,2016,6,10/16,25,Oakland Raiders,10,16,Kansas City Chiefs,26
95,2016,6,10/16,29,Seattle Seahawks,26,2,Atlanta Falcons,24
445,2016,6,10/16,31,Tennessee Titans,28,8,Cleveland Browns,26
1143,2016,6,10/16,32,Washington Redskins,27,26,Philadelphia Eagles,20
20,2016,6,10/17,1,Arizona Cardinals,28,24,New York Jets,3
313,2016,7,10/20,12,Green Bay Packers,26,6,Chicago Bears,10
21,2016,7,10/23,1,Arizona Cardinals,6,29,Seattle Seahawks,6
96,2016,7,10/23,2,Atlanta Falcons,30,17,Los Angeles Chargers,33
382,2016,7,10/23,7,Cincinnati Bengals,31,8,Cleveland Browns,17
625,2016,7,10/23,11,Detroit Lions,20,32,Washington Redskins,17
813,2016,7,10/23,15,Jacksonville Jaguars,16,25,Oakland Raiders,33
855,2016,7,10/23,16,Kansas City Chiefs,27,22,New Orleans Saints,21
934,2016,7,10/23,18,Los Angeles Rams,10,23,New York Giants,17
180,2016,7,10/23,19,Miami Dolphins,28,4,Buffalo Bills,25
1113,2016,7,10/23,24,New York Jets,24,3,Baltimore Ravens,16
1007,2016,7,10/23,26,Philadelphia Eagles,21,20,Minnesota Vikings,10
1029,2016,7,10/23,27,Pittsburgh Steelers,16,21,New England Patriots,27
1180,2016,7,10/23,28,San Francisco 49ers,17,30,Tampa Bay Buccaneers,34
765,2016,7,10/23,31,Tennessee Titans,26,14,Indianapolis Colts,34
565,2016,7,10/24,10,Denver Broncos,27,13,Houston Texans,9
814,2016,8,10/27,31,Tennessee Titans,36,15,Jacksonville Jaguars,22
97,2016,8,10/30,2,Atlanta Falcons,33,12,Green Bay Packers,32
181,2016,8,10/30,4,Buffalo Bills,25,21,New England Patriots,41
22,2016,8,10/30,5,Carolina Panthers,30,1,Arizona Cardinals,20
383,2016,8,10/30,7,Cincinnati Bengals,27,32,Washington Redskins,27
446,2016,8,10/30,8,Cleveland Browns,28,24,New York Jets,31
502,2016,8,10/30,9,Dallas Cowboys,29,26,Philadelphia Eagles,23
566,2016,8,10/30,10,Denver Broncos,27,17,Los Angeles Chargers,19
626,2016,8,10/30,13,Houston Texans,20,11,Detroit Lions,13
766,2016,8,10/30,14,Indianapolis Colts,14,16,Kansas City Chiefs,30
1055,2016,8,10/30,22,New Orleans Saints,25,29,Seattle Seahawks,20
1129,2016,8,10/30,30,Tampa Bay Buccaneers,24,25,Oakland Raiders,30
314,2016,8,10/31,6,Chicago Bears,20,20,Minnesota Vikings,10
98,2016,9,11/03,30,Tampa Bay Buccaneers,28,2,Atlanta Falcons,43
1159,2016,9,11/06,3,Baltimore Ravens,21,27,Pittsburgh Steelers,14
447,2016,9,11/06,8,Cleveland Browns,10,9,Dallas Cowboys,35
669,2016,9,11/06,12,Green Bay Packers,26,14,Indianapolis Colts,31
815,2016,9,11/06,16,Kansas City Chiefs,19,15,Jacksonville Jaguars,14
896,2016,9,11/06,17,Los Angeles Chargers,43,31,Tennessee Titans,35
250,2016,9,11/06,18,Los Angeles Rams,10,5,Carolina Panthers,13
976,2016,9,11/06,19,Miami Dolphins,27,24,New York Jets,23
627,2016,9,11/06,20,Minnesota Vikings,16,11,Detroit Lions,22
1085,2016,9,11/06,23,New York Giants,28,26,Philadelphia Eagles,23
567,2016,9,11/06,25,Oakland Raiders,30,10,Denver Broncos,20
1056,2016,9,11/06,28,San Francisco 49ers,23,22,New Orleans Saints,41
182,2016,9,11/07,29,Seattle Seahawks,31,4,Buffalo Bills,25
448,2016,10,11/10,3,Baltimore Ravens,28,8,Cleveland Browns,7
23,2016,10,11/13,1,Arizona Cardinals,23,28,San Francisco 49ers,20
251,2016,10,11/13,5,Carolina Panthers,17,16,Kansas City Chiefs,20
715,2016,10,11/13,15,Jacksonville Jaguars,21,13,Houston Texans,24
897,2016,10,11/13,17,Los Angeles Chargers,24,19,Miami Dolphins,31
1030,2016,10,11/13,21,New England Patriots,24,29,Seattle Seahawks,31
568,2016,10,11/13,22,New Orleans Saints,23,10,Denver Broncos,25
935,2016,10,11/13,24,New York Jets,6,18,Los Angeles Rams,9
99,2016,10,11/13,26,Philadelphia Eagles,24,2,Atlanta Falcons,15
503,2016,10,11/13,27,Pittsburgh Steelers,30,9,Dallas Cowboys,35
315,2016,10,11/13,30,Tampa Bay Buccaneers,36,6,Chicago Bears,10
670,2016,10,11/13,31,Tennessee Titans,47,12,Green Bay Packers,25
1008,2016,10,11/13,32,Washington Redskins,26,20,Minnesota Vikings,20
384,2016,10,11/14,23,New York Giants,21,7,Cincinnati Bengals,20
252,2016,11,11/17,5,Carolina Panthers,23,22,New Orleans Saints,20
183,2016,11,11/20,7,Cincinnati Bengals,12,4,Buffalo Bills,16
449,2016,11,11/20,8,Cleveland Browns,9,27,Pittsburgh Steelers,24
504,2016,11,11/20,9,Dallas Cowboys,27,3,Baltimore Ravens,17
628,2016,11,11/20,11,Detroit Lions,26,15,Jacksonville Jaguars,19
767,2016,11,11/20,14,Indianapolis Colts,24,31,Tennessee Titans,17
856,2016,11,11/20,16,Kansas City Chiefs,17,30,Tampa Bay Buccaneers,19
936,2016,11,11/20,18,Los Angeles Rams,10,19,Miami Dolphins,14
24,2016,11,11/20,20,Minnesota Vikings,30,1,Arizona Cardinals,24
316,2016,11,11/20,23,New York Giants,22,6,Chicago Bears,16
1031,2016,11,11/20,28,San Francisco 49ers,17,21,New England Patriots,30
1144,2016,11,11/20,29,Seattle Seahawks,26,26,Philadelphia Eagles,15
671,2016,11,11/20,32,Washington Redskins,42,12,Green Bay Packers,24
716,2016,11,11/21,25,Oakland Raiders,27,13,Houston Texans,20
505,2016,12,11/24,9,Dallas Cowboys,31,32,Washington Redskins,26
629,2016,12,11/24,11,Detroit Lions,16,20,Minnesota Vikings,13
768,2016,12,11/24,14,Indianapolis Colts,7,27,Pittsburgh Steelers,28
25,2016,12,11/27,2,Atlanta Falcons,38,1,Arizona Cardinals,19
385,2016,12,11/27,3,Baltimore Ravens,19,7,Cincinnati Bengals,14
184,2016,12,11/27,4,Buffalo Bills,28,15,Jacksonville Jaguars,21
317,2016,12,11/27,6,Chicago Bears,21,31,Tennessee Titans,27
450,2016,12,11/27,8,Cleveland Browns,13,23,New York Giants,27
569,2016,12,11/27,10,Denver Broncos,27,16,Kansas City Chiefs,30
717,2016,12,11/27,13,Houston Texans,13,17,Los Angeles Chargers,21
977,2016,12,11/27,19,Miami Dolphins,31,28,San Francisco 49ers,24
937,2016,12,11/27,22,New Orleans Saints,49,18,Los Angeles Rams,21
1032,2016,12,11/27,24,New York Jets,17,21,New England Patriots,22
253,2016,12,11/27,25,Oakland Raiders,35,5,Carolina Panthers,32
1194,2016,12,11/27,30,Tampa Bay Buccaneers,14,29,Seattle Seahawks,5
672,2016,12,11/28,26,Philadelphia Eagles,13,12,Green Bay Packers,27
506,2016,13,12/01,20,Minnesota Vikings,15,9,Dallas Cowboys,17
26,2016,13,12/04,1,Arizona Cardinals,31,32,Washington Redskins,23
100,2016,13,12/04,2,Atlanta Falcons,28,16,Kansas City Chiefs,29
978,2016,13,12/04,3,Baltimore Ravens,38,19,Miami Dolphins,6
318,2016,13,12/04,6,Chicago Bears,26,28,San Francisco 49ers,6
386,2016,13,12/04,7,Cincinnati Bengals,32,26,Philadelphia Eagles,14
673,2016,13,12/04,12,Green Bay Packers,21,13,Houston Texans,13
570,2016,13,12/04,15,Jacksonville Jaguars,10,10,Denver Broncos,20
898,2016,13,12/04,17,Los Angeles Chargers,21,30,Tampa Bay Buccaneers,28
938,2016,13,12/04,21,New England Patriots,26,18,Los Angeles Rams,10
630,2016,13,12/04,22,New Orleans Saints,13,11,Detroit Lions,28
185,2016,13,12/04,25,Oakland Raiders,38,4,Buffalo Bills,24
1086,2016,13,12/04,27,Pittsburgh Steelers,24,23,New York Giants,14
254,2016,13,12/04,29,Seattle Seahawks,40,5,Carolina Panthers,7
769,2016,13,12/05,24,New York Jets,10,14,Indianapolis Colts,41
857,2016,14,12/08,16,Kansas City Chiefs,21,25,Oakland Raiders,13
186,2016,14,12/11,4,Buffalo Bills,20,27,Pittsburgh Steelers,27
255,2016,14,12/11,5,Carolina Panthers,28,17,Los Angeles Chargers,16
387,2016,14,12/11,8,Cleveland Browns,10,7,Cincinnati Bengals,23
319,2016,14,12/11,11,Detroit Lions,20,6,Chicago Bears,17
674,2016,14,12/11,12,Green Bay Packers,38,29,Seattle Seahawks,10
718,2016,14,12/11,14,Indianapolis Colts,17,13,Houston Texans,22
816,2016,14,12/11,15,Jacksonville Jaguars,16,20,Minnesota Vikings,25
101,2016,14,12/11,18,Los Angeles Rams,14,2,Atlanta Falcons,42
27,2016,14,12/11,19,Miami Dolphins,26,1,Arizona Cardinals,23
507,2016,14,12/11,23,New York Giants,10,9,Dallas Cowboys,7
1145,2016,14,12/11,26,Philadelphia Eagles,22,32,Washington Redskins,27
1114,2016,14,12/11,28,San Francisco 49ers,17,24,New York Jets,23
1057,2016,14,12/11,30,Tampa Bay Buccaneers,16,22,New Orleans Saints,11
571,2016,14,12/11,31,Tennessee Titans,13,10,Denver Broncos,10
1033,2016,14,12/12,21,New England Patriots,30,3,Baltimore Ravens,23
939,2016,15,12/15,29,Seattle Seahawks,24,18,Los Angeles Rams,3
979,2016,15,12/17,24,New York Jets,13,19,Miami Dolphins,34
28,2016,15,12/18,1,Arizona Cardinals,41,22,New Orleans Saints,48
102,2016,15,12/18,2,Atlanta Falcons,41,28,San Francisco 49ers,13
1146,2016,15,12/18,3,Baltimore Ravens,27,26,Philadelphia Eagles,26
187,2016,15,12/18,4,Buffalo Bills,33,8,Cleveland Browns,13
320,2016,15,12/18,6,Chicago Bears,27,12,Green Bay Packers,30
388,2016,15,12/18,7,Cincinnati Bengals,20,27,Pittsburgh Steelers,24
508,2016,15,12/18,9,Dallas Cowboys,26,30,Tampa Bay Buccaneers,20
572,2016,15,12/18,10,Denver Broncos,3,21,New England Patriots,16
719,2016,15,12/18,13,Houston Texans,21,15,Jacksonville Jaguars,20
858,2016,15,12/18,16,Kansas City Chiefs,17,31,Tennessee Titans,19
899,2016,15,12/18,17,Los Angeles Chargers,16,25,Oakland Raiders,19
770,2016,15,12/18,20,Minnesota Vikings,6,14,Indianapolis Colts,34
631,2016,15,12/18,23,New York Giants,17,11,Detroit Lions,6
256,2016,15,12/19,32,Washington Redskins,15,5,Carolina Panthers,26
1087,2016,16,12/22,26,Philadelphia Eagles,24,23,New York Giants,19
188,2016,16,12/24,4,Buffalo Bills,31,19,Miami Dolphins,34
103,2016,16,12/24,5,Carolina Panthers,16,2,Atlanta Falcons,33
321,2016,16,12/24,6,Chicago Bears,21,32,Washington Redskins,41
451,2016,16,12/24,8,Cleveland Browns,20,17,Los Angeles Chargers,17
675,2016,16,12/24,12,Green Bay Packers,38,20,Minnesota Vikings,25
389,2016,16,12/24,13,Houston Texans,12,7,Cincinnati Bengals,10
817,2016,16,12/24,15,Jacksonville Jaguars,38,31,Tennessee Titans,17
940,2016,16,12/24,18,Los Angeles Rams,21,28,San Francisco 49ers,22
1034,2016,16,12/24,21,New England Patriots,41,24,New York Jets,3
1058,2016,16,12/24,22,New Orleans Saints,31,30,Tampa Bay Buccaneers,24
771,2016,16,12/24,25,Oakland Raiders,33,14,Indianapolis Colts,25
29,2016,16,12/24,29,Seattle Seahawks,31,1,Arizona Cardinals,34
573,2016,16,12/25,16,Kansas City Chiefs,33,10,Denver Broncos,10
1160,2016,16,12/25,27,Pittsburgh Steelers,31,3,Baltimore Ravens,27
509,2016,16,12/26,9,Dallas Cowboys,42,11,Detroit Lions,21
104,2016,17,01/01,2,Atlanta Falcons,38,22,New Orleans Saints,32
390,2016,17,01/01,7,Cincinnati Bengals,27,3,Baltimore Ravens,10
574,2016,17,01/01,10,Denver Broncos,24,25,Oakland Raiders,6
632,2016,17,01/01,11,Detroit Lions,24,12,Green Bay Packers,31
772,2016,17,01/01,14,Indianapolis Colts,24,15,Jacksonville Jaguars,20
859,2016,17,01/01,17,Los Angeles Chargers,27,16,Kansas City Chiefs,37
30,2016,17,01/01,18,Los Angeles Rams,6,1,Arizona Cardinals,44
980,2016,17,01/01,19,Miami Dolphins,14,21,New England Patriots,35
322,2016,17,01/01,20,Minnesota Vikings,38,6,Chicago Bears,10
189,2016,17,01/01,24,New York Jets,30,4,Buffalo Bills,10
510,2016,17,01/01,26,Philadelphia Eagles,27,9,Dallas Cowboys,13
452,2016,17,01/01,27,Pittsburgh Steelers,27,8,Cleveland Browns,24
1181,2016,17,01/01,28,San Francisco 49ers,23,29,Seattle Seahawks,25
257,2016,17,01/01,30,Tampa Bay Buccaneers,17,5,Carolina Panthers,16
720,2016,17,01/01,31,Tennessee Titans,24,13,Houston Texans,17
1088,2016,17,01/01,32,Washington Redskins,10,23,New York Giants,19
1272,2015,1,09/10,21,New England Patriots,28,27,Pittsburgh Steelers,21
1203,2015,1,09/13,1,Arizona Cardinals,31,22,New Orleans Saints,19
1218,2015,1,09/13,4,Buffalo Bills,27,14,Indianapolis Colts,14
1227,2015,1,09/13,6,Chicago Bears,23,12,Green Bay Packers,31
1238,2015,1,09/13,9,Dallas Cowboys,27,23,New York Giants,26
1213,2015,1,09/13,10,Denver Broncos,19,3,Baltimore Ravens,13
1252,2015,1,09/13,13,Houston Texans,20,16,Kansas City Chiefs,27
1223,2015,1,09/13,15,Jacksonville Jaguars,9,5,Carolina Panthers,20
1244,2015,1,09/13,17,Los Angeles Chargers,33,11,Detroit Lions,28
1263,2015,1,09/13,18,Los Angeles Rams,34,29,Seattle Seahawks,31
1233,2015,1,09/13,24,New York Jets,31,8,Cleveland Browns,10
1230,2015,1,09/13,25,Oakland Raiders,13,7,Cincinnati Bengals,33
1281,2015,1,09/13,30,Tampa Bay Buccaneers,14,31,Tennessee Titans,42
1267,2015,1,09/13,32,Washington Redskins,10,19,Miami Dolphins,17
1208,2015,1,09/14,2,Atlanta Falcons,26,26,Philadelphia Eagles,24
1271,2015,1,09/14,28,San Francisco 49ers,20,20,Minnesota Vikings,3
575,2015,2,09/17,16,Kansas City Chiefs,24,10,Denver Broncos,31
190,2015,2,09/20,4,Buffalo Bills,32,21,New England Patriots,40
258,2015,2,09/20,5,Carolina Panthers,24,13,Houston Texans,17
31,2015,2,09/20,6,Chicago Bears,23,1,Arizona Cardinals,48
391,2015,2,09/20,7,Cincinnati Bengals,24,17,Los Angeles Chargers,19
453,2015,2,09/20,8,Cleveland Browns,28,31,Tennessee Titans,14
676,2015,2,09/20,12,Green Bay Packers,27,29,Seattle Seahawks,17
818,2015,2,09/20,15,Jacksonville Jaguars,23,19,Miami Dolphins,20
633,2015,2,09/20,20,Minnesota Vikings,26,11,Detroit Lions,16
1059,2015,2,09/20,22,New Orleans Saints,19,30,Tampa Bay Buccaneers,26
105,2015,2,09/20,23,New York Giants,20,2,Atlanta Falcons,24
1130,2015,2,09/20,25,Oakland Raiders,37,3,Baltimore Ravens,33
511,2015,2,09/20,26,Philadelphia Eagles,10,9,Dallas Cowboys,20
1171,2015,2,09/20,27,Pittsburgh Steelers,43,28,San Francisco 49ers,18
941,2015,2,09/20,32,Washington Redskins,24,18,Los Angeles Rams,10
773,2015,2,09/21,14,Indianapolis Colts,7,24,New York Jets,20
1089,2015,3,09/24,23,New York Giants,32,32,Washington Redskins,21
32,2015,3,09/27,1,Arizona Cardinals,47,28,San Francisco 49ers,7
392,2015,3,09/27,3,Baltimore Ravens,24,7,Cincinnati Bengals,28
259,2015,3,09/27,5,Carolina Panthers,27,22,New Orleans Saints,22
454,2015,3,09/27,8,Cleveland Browns,20,25,Oakland Raiders,27
106,2015,3,09/27,9,Dallas Cowboys,28,2,Atlanta Falcons,39
576,2015,3,09/27,11,Detroit Lions,12,10,Denver Broncos,24
721,2015,3,09/27,13,Houston Texans,19,30,Tampa Bay Buccaneers,9
942,2015,3,09/27,18,Los Angeles Rams,6,27,Pittsburgh Steelers,12
191,2015,3,09/27,19,Miami Dolphins,14,4,Buffalo Bills,41
900,2015,3,09/27,20,Minnesota Vikings,31,17,Los Angeles Chargers,14
819,2015,3,09/27,21,New England Patriots,51,15,Jacksonville Jaguars,17
1115,2015,3,09/27,24,New York Jets,17,26,Philadelphia Eagles,24
323,2015,3,09/27,29,Seattle Seahawks,26,6,Chicago Bears,0
774,2015,3,09/27,31,Tennessee Titans,33,14,Indianapolis Colts,35
677,2015,3,09/28,12,Green Bay Packers,38,16,Kansas City Chiefs,28
1161,2015,4,10/01,27,Pittsburgh Steelers,20,3,Baltimore Ravens,23
33,2015,4,10/04,1,Arizona Cardinals,22,18,Los Angeles Rams,24
107,2015,4,10/04,2,Atlanta Falcons,48,13,Houston Texans,21
192,2015,4,10/04,4,Buffalo Bills,10,23,New York Giants,24
324,2015,4,10/04,6,Chicago Bears,22,25,Oakland Raiders,20
393,2015,4,10/04,7,Cincinnati Bengals,36,16,Kansas City Chiefs,21
577,2015,4,10/04,10,Denver Broncos,23,20,Minnesota Vikings,20
775,2015,4,10/04,14,Indianapolis Colts,16,15,Jacksonville Jaguars,13
455,2015,4,10/04,17,Los Angeles Chargers,30,8,Cleveland Browns,27
981,2015,4,10/04,19,Miami Dolphins,14,24,New York Jets,27
512,2015,4,10/04,22,New Orleans Saints,26,9,Dallas Cowboys,20
678,2015,4,10/04,28,San Francisco 49ers,3,12,Green Bay Packers,17
260,2015,4,10/04,30,Tampa Bay Buccaneers,23,5,Carolina Panthers,37
1147,2015,4,10/04,32,Washington Redskins,23,26,Philadelphia Eagles,20
634,2015,4,10/05,29,Seattle Seahawks,13,11,Detroit Lions,10
722,2015,5,10/08,13,Houston Texans,20,14,Indianapolis Colts,27
108,2015,5,10/11,2,Atlanta Falcons,25,32,Washington Redskins,19
456,2015,5,10/11,3,Baltimore Ravens,30,8,Cleveland Browns,33
394,2015,5,10/11,7,Cincinnati Bengals,27,29,Seattle Seahawks,24
513,2015,5,10/11,9,Dallas Cowboys,6,21,New England Patriots,30
34,2015,5,10/11,11,Detroit Lions,17,1,Arizona Cardinals,42
679,2015,5,10/11,12,Green Bay Packers,24,18,Los Angeles Rams,10
325,2015,5,10/11,16,Kansas City Chiefs,17,6,Chicago Bears,18
1090,2015,5,10/11,23,New York Giants,30,28,San Francisco 49ers,27
578,2015,5,10/11,25,Oakland Raiders,10,10,Denver Broncos,16
1060,2015,5,10/11,26,Philadelphia Eagles,39,22,New Orleans Saints,17
820,2015,5,10/11,30,Tampa Bay Buccaneers,38,15,Jacksonville Jaguars,31
193,2015,5,10/11,31,Tennessee Titans,13,4,Buffalo Bills,14
901,2015,5,10/12,17,Los Angeles Chargers,20,27,Pittsburgh Steelers,24
109,2015,6,10/15,22,New Orleans Saints,31,2,Atlanta Falcons,21
194,2015,6,10/18,4,Buffalo Bills,21,7,Cincinnati Bengals,34
457,2015,6,10/18,8,Cleveland Browns,23,10,Denver Broncos,26
326,2015,6,10/18,11,Detroit Lions,37,6,Chicago Bears,34
680,2015,6,10/18,12,Green Bay Packers,27,17,Los Angeles Chargers,20
776,2015,6,10/18,14,Indianapolis Colts,27,21,New England Patriots,34
723,2015,6,10/18,15,Jacksonville Jaguars,20,13,Houston Texans,31
860,2015,6,10/18,20,Minnesota Vikings,16,16,Kansas City Chiefs,10
1116,2015,6,10/18,24,New York Jets,34,32,Washington Redskins,20
35,2015,6,10/18,27,Pittsburgh Steelers,25,1,Arizona Cardinals,13
1162,2015,6,10/18,28,San Francisco 49ers,25,3,Baltimore Ravens,20
261,2015,6,10/18,29,Seattle Seahawks,23,5,Carolina Panthers,27
982,2015,6,10/18,31,Tennessee Titans,10,19,Miami Dolphins,38
1091,2015,6,10/19,26,Philadelphia Eagles,27,23,New York Giants,7
1182,2015,7,10/22,28,San Francisco 49ers,3,29,Seattle Seahawks,20
262,2015,7,10/25,5,Carolina Panthers,27,26,Philadelphia Eagles,16
635,2015,7,10/25,11,Detroit Lions,19,20,Minnesota Vikings,28
777,2015,7,10/25,14,Indianapolis Colts,21,22,New Orleans Saints,27
195,2015,7,10/25,15,Jacksonville Jaguars,34,4,Buffalo Bills,31
861,2015,7,10/25,16,Kansas City Chiefs,23,27,Pittsburgh Steelers,13
902,2015,7,10/25,17,Los Angeles Chargers,29,25,Oakland Raiders,37
458,2015,7,10/25,18,Los Angeles Rams,24,8,Cleveland Browns,6
724,2015,7,10/25,19,Miami Dolphins,44,13,Houston Texans,26
1035,2015,7,10/25,21,New England Patriots,30,24,New York Jets,23
514,2015,7,10/25,23,New York Giants,27,9,Dallas Cowboys,20
110,2015,7,10/25,31,Tennessee Titans,7,2,Atlanta Falcons,10
1198,2015,7,10/25,32,Washington Redskins,31,30,Tampa Bay Buccaneers,30
36,2015,7,10/26,1,Arizona Cardinals,26,3,Baltimore Ravens,18
983,2015,8,10/29,21,New England Patriots,36,19,Miami Dolphins,7
111,2015,8,11/01,2,Atlanta Falcons,20,30,Tampa Bay Buccaneers,23
903,2015,8,11/01,3,Baltimore Ravens,29,17,Los Angeles Chargers,26
327,2015,8,11/01,6,Chicago Bears,20,20,Minnesota Vikings,23
37,2015,8,11/01,8,Cleveland Browns,20,1,Arizona Cardinals,34
515,2015,8,11/01,9,Dallas Cowboys,12,29,Seattle Seahawks,13
579,2015,8,11/01,10,Denver Broncos,29,12,Green Bay Packers,10
725,2015,8,11/01,13,Houston Texans,20,31,Tennessee Titans,6
636,2015,8,11/01,16,Kansas City Chiefs,45,11,Detroit Lions,10
943,2015,8,11/01,18,Los Angeles Rams,27,28,San Francisco 49ers,6
1061,2015,8,11/01,22,New Orleans Saints,52,23,New York Giants,49
1117,2015,8,11/01,25,Oakland Raiders,34,24,New York Jets,20
395,2015,8,11/01,27,Pittsburgh Steelers,10,7,Cincinnati Bengals,16
263,2015,8,11/02,5,Carolina Panthers,29,14,Indianapolis Colts,26
396,2015,9,11/05,7,Cincinnati Bengals,31,8,Cleveland Browns,10
196,2015,9,11/08,4,Buffalo Bills,33,19,Miami Dolphins,17
264,2015,9,11/08,5,Carolina Panthers,37,12,Green Bay Packers,29
516,2015,9,11/08,9,Dallas Cowboys,27,26,Philadelphia Eagles,33
580,2015,9,11/08,14,Indianapolis Colts,27,10,Denver Broncos,24
944,2015,9,11/08,20,Minnesota Vikings,21,18,Los Angeles Rams,18
1036,2015,9,11/08,21,New England Patriots,27,32,Washington Redskins,10
1062,2015,9,11/08,22,New Orleans Saints,28,31,Tennessee Titans,34
821,2015,9,11/08,24,New York Jets,28,15,Jacksonville Jaguars,23
1131,2015,9,11/08,27,Pittsburgh Steelers,38,25,Oakland Raiders,35
112,2015,9,11/08,28,San Francisco 49ers,17,2,Atlanta Falcons,16
1092,2015,9,11/08,30,Tampa Bay Buccaneers,18,23,New York Giants,32
328,2015,9,11/09,17,Los Angeles Chargers,19,6,Chicago Bears,22
197,2015,10,11/12,24,New York Jets,17,4,Buffalo Bills,22
822,2015,10,11/15,3,Baltimore Ravens,20,15,Jacksonville Jaguars,22
581,2015,10,11/15,10,Denver Broncos,13,16,Kansas City Chiefs,29
637,2015,10,11/15,12,Green Bay Packers,16,11,Detroit Lions,18
329,2015,10,11/15,18,Los Angeles Rams,13,6,Chicago Bears,37
1037,2015,10,11/15,23,New York Giants,26,21,New England Patriots,27
1009,2015,10,11/15,25,Oakland Raiders,14,20,Minnesota Vikings,30
984,2015,10,11/15,26,Philadelphia Eagles,19,19,Miami Dolphins,20
459,2015,10,11/15,27,Pittsburgh Steelers,30,8,Cleveland Browns,9
38,2015,10,11/15,29,Seattle Seahawks,32,1,Arizona Cardinals,39
517,2015,10,11/15,30,Tampa Bay Buccaneers,10,9,Dallas Cowboys,6
265,2015,10,11/15,31,Tennessee Titans,10,5,Carolina Panthers,27
1063,2015,10,11/15,32,Washington Redskins,47,22,New Orleans Saints,14
397,2015,10,11/16,7,Cincinnati Bengals,6,13,Houston Texans,10
823,2015,11,11/19,15,Jacksonville Jaguars,19,31,Tennessee Titans,13
39,2015,11,11/22,1,Arizona Cardinals,34,7,Cincinnati Bengals,31
113,2015,11,11/22,2,Atlanta Falcons,21,14,Indianapolis Colts,24
945,2015,11,11/22,3,Baltimore Ravens,16,18,Los Angeles Rams,13
266,2015,11,11/22,5,Carolina Panthers,44,32,Washington Redskins,16
330,2015,11,11/22,6,Chicago Bears,15,10,Denver Broncos,17
638,2015,11,11/22,11,Detroit Lions,18,25,Oakland Raiders,13
726,2015,11,11/22,13,Houston Texans,24,24,New York Jets,17
862,2015,11,11/22,17,Los Angeles Chargers,3,16,Kansas City Chiefs,33
518,2015,11,11/22,19,Miami Dolphins,14,9,Dallas Cowboys,24
681,2015,11,11/22,20,Minnesota Vikings,13,12,Green Bay Packers,30
1148,2015,11,11/22,26,Philadelphia Eagles,17,30,Tampa Bay Buccaneers,45
1183,2015,11,11/22,29,Seattle Seahawks,29,28,San Francisco 49ers,13
198,2015,11,11/23,21,New England Patriots,20,4,Buffalo Bills,13
267,2015,12,11/26,9,Dallas Cowboys,14,5,Carolina Panthers,33
639,2015,12,11/26,11,Detroit Lions,45,26,Philadelphia Eagles,14
331,2015,12,11/26,12,Green Bay Packers,13,6,Chicago Bears,17
114,2015,12,11/29,2,Atlanta Falcons,10,20,Minnesota Vikings,20
398,2015,12,11/29,7,Cincinnati Bengals,31,18,Los Angeles Rams,7
582,2015,12,11/29,10,Denver Broncos,30,21,New England Patriots,24
727,2015,12,11/29,13,Houston Texans,24,22,New Orleans Saints,6
778,2015,12,11/29,14,Indianapolis Colts,25,30,Tampa Bay Buccaneers,12
824,2015,12,11/29,15,Jacksonville Jaguars,25,17,Los Angeles Chargers,31
199,2015,12,11/29,16,Kansas City Chiefs,30,4,Buffalo Bills,22
985,2015,12,11/29,24,New York Jets,38,19,Miami Dolphins,20
40,2015,12,11/29,28,San Francisco 49ers,13,1,Arizona Cardinals,19
1172,2015,12,11/29,29,Seattle Seahawks,39,27,Pittsburgh Steelers,30
1132,2015,12,11/29,31,Tennessee Titans,21,25,Oakland Raiders,24
1093,2015,12,11/29,32,Washington Redskins,20,23,New York Giants,14
460,2015,12,11/30,8,Cleveland Browns,27,3,Baltimore Ravens,33
640,2015,13,12/03,11,Detroit Lions,23,12,Green Bay Packers,27
200,2015,13,12/06,4,Buffalo Bills,30,13,Houston Texans,21
332,2015,13,12/06,6,Chicago Bears,20,28,San Francisco 49ers,26
399,2015,13,12/06,8,Cleveland Browns,3,7,Cincinnati Bengals,37
583,2015,13,12/06,17,Los Angeles Chargers,3,10,Denver Broncos,17
41,2015,13,12/06,18,Los Angeles Rams,3,1,Arizona Cardinals,27
986,2015,13,12/06,19,Miami Dolphins,15,3,Baltimore Ravens,13
1010,2015,13,12/06,20,Minnesota Vikings,7,29,Seattle Seahawks,38
1038,2015,13,12/06,21,New England Patriots,28,26,Philadelphia Eagles,35
268,2015,13,12/06,22,New Orleans Saints,38,5,Carolina Panthers,41
1094,2015,13,12/06,23,New York Giants,20,24,New York Jets,23
863,2015,13,12/06,25,Oakland Raiders,20,16,Kansas City Chiefs,34
779,2015,13,12/06,27,Pittsburgh Steelers,45,14,Indianapolis Colts,10
115,2015,13,12/06,30,Tampa Bay Buccaneers,23,2,Atlanta Falcons,19
825,2015,13,12/06,31,Tennessee Titans,42,15,Jacksonville Jaguars,39
519,2015,13,12/07,32,Washington Redskins,16,9,Dallas Cowboys,19
42,2015,14,12/10,1,Arizona Cardinals,23,20,Minnesota Vikings,20
1163,2015,14,12/13,3,Baltimore Ravens,6,29,Seattle Seahawks,35
116,2015,14,12/13,5,Carolina Panthers,38,2,Atlanta Falcons,0
333,2015,14,12/13,6,Chicago Bears,21,32,Washington Redskins,24
400,2015,14,12/13,7,Cincinnati Bengals,20,27,Pittsburgh Steelers,33
461,2015,14,12/13,8,Cleveland Browns,24,28,San Francisco 49ers,10
584,2015,14,12/13,10,Denver Broncos,12,25,Oakland Raiders,15
520,2015,14,12/13,12,Green Bay Packers,28,9,Dallas Cowboys,7
728,2015,14,12/13,13,Houston Texans,6,21,New England Patriots,27
780,2015,14,12/13,15,Jacksonville Jaguars,51,14,Indianapolis Colts,16
864,2015,14,12/13,16,Kansas City Chiefs,10,17,Los Angeles Chargers,3
641,2015,14,12/13,18,Los Angeles Rams,21,11,Detroit Lions,14
1118,2015,14,12/13,24,New York Jets,30,31,Tennessee Titans,8
201,2015,14,12/13,26,Philadelphia Eagles,23,4,Buffalo Bills,20
1064,2015,14,12/13,30,Tampa Bay Buccaneers,17,22,New Orleans Saints,24
987,2015,14,12/14,19,Miami Dolphins,24,23,New York Giants,31
946,2015,15,12/17,18,Los Angeles Rams,31,30,Tampa Bay Buccaneers,23
521,2015,15,12/19,9,Dallas Cowboys,16,24,New York Jets,19
865,2015,15,12/20,3,Baltimore Ravens,14,16,Kansas City Chiefs,34
729,2015,15,12/20,14,Indianapolis Colts,10,13,Houston Texans,16
117,2015,15,12/20,15,Jacksonville Jaguars,17,2,Atlanta Falcons,23
904,2015,15,12/20,17,Los Angeles Chargers,30,19,Miami Dolphins,14
334,2015,15,12/20,20,Minnesota Vikings,38,6,Chicago Bears,17
1039,2015,15,12/20,21,New England Patriots,33,31,Tennessee Titans,16
269,2015,15,12/20,23,New York Giants,35,5,Carolina Panthers,38
682,2015,15,12/20,25,Oakland Raiders,20,12,Green Bay Packers,30
43,2015,15,12/20,26,Philadelphia Eagles,17,1,Arizona Cardinals,40
585,2015,15,12/20,27,Pittsburgh Steelers,34,10,Denver Broncos,27
401,2015,15,12/20,28,San Francisco 49ers,14,7,Cincinnati Bengals,24
462,2015,15,12/20,29,Seattle Seahawks,30,8,Cleveland Browns,13
202,2015,15,12/20,32,Washington Redskins,35,4,Buffalo Bills,25
642,2015,15,12/21,22,New Orleans Saints,27,11,Detroit Lions,35
905,2015,16,12/24,25,Oakland Raiders,23,17,Los Angeles Chargers,20
1149,2015,16,12/26,26,Philadelphia Eagles,24,32,Washington Redskins,38
44,2015,16,12/27,1,Arizona Cardinals,38,12,Green Bay Packers,8
118,2015,16,12/27,2,Atlanta Falcons,20,5,Carolina Panthers,13
1164,2015,16,12/27,3,Baltimore Ravens,20,27,Pittsburgh Steelers,17
203,2015,16,12/27,4,Buffalo Bills,16,9,Dallas Cowboys,6
643,2015,16,12/27,11,Detroit Lions,32,28,San Francisco 49ers,17
463,2015,16,12/27,16,Kansas City Chiefs,17,8,Cleveland Browns,13
781,2015,16,12/27,19,Miami Dolphins,12,14,Indianapolis Colts,18
1011,2015,16,12/27,20,Minnesota Vikings,49,23,New York Giants,17
826,2015,16,12/27,22,New Orleans Saints,38,15,Jacksonville Jaguars,27
1040,2015,16,12/27,24,New York Jets,26,21,New England Patriots,20
947,2015,16,12/27,29,Seattle Seahawks,17,18,Los Angeles Rams,23
335,2015,16,12/27,30,Tampa Bay Buccaneers,21,6,Chicago Bears,26
730,2015,16,12/27,31,Tennessee Titans,6,13,Houston Texans,34
402,2015,16,12/28,10,Denver Broncos,20,7,Cincinnati Bengals,17
45,2015,17,01/03,1,Arizona Cardinals,6,29,Seattle Seahawks,36
119,2015,17,01/03,2,Atlanta Falcons,17,22,New Orleans Saints,20
204,2015,17,01/03,4,Buffalo Bills,22,24,New York Jets,17
270,2015,17,01/03,5,Carolina Panthers,38,30,Tampa Bay Buccaneers,10
336,2015,17,01/03,6,Chicago Bears,20,11,Detroit Lions,24
403,2015,17,01/03,7,Cincinnati Bengals,24,3,Baltimore Ravens,16
464,2015,17,01/03,8,Cleveland Browns,12,27,Pittsburgh Steelers,28
522,2015,17,01/03,9,Dallas Cowboys,23,32,Washington Redskins,34
586,2015,17,01/03,10,Denver Broncos,27,17,Los Angeles Chargers,20
683,2015,17,01/03,12,Green Bay Packers,13,20,Minnesota Vikings,20
731,2015,17,01/03,13,Houston Texans,30,15,Jacksonville Jaguars,6
782,2015,17,01/03,14,Indianapolis Colts,30,31,Tennessee Titans,24
866,2015,17,01/03,16,Kansas City Chiefs,23,25,Oakland Raiders,17
988,2015,17,01/03,19,Miami Dolphins,20,21,New England Patriots,10
1095,2015,17,01/03,23,New York Giants,30,26,Philadelphia Eagles,35
948,2015,17,01/03,28,San Francisco 49ers,19,18,Los Angeles Rams,16
1249,2014,1,09/04,29,Seattle Seahawks,36,12,Green Bay Packers,16
1209,2014,1,09/07,2,Atlanta Falcons,37,22,New Orleans Saints,34
1214,2014,1,09/07,3,Baltimore Ravens,16,7,Cincinnati Bengals,23
1219,2014,1,09/07,6,Chicago Bears,20,4,Buffalo Bills,23
1239,2014,1,09/07,9,Dallas Cowboys,17,28,San Francisco 49ers,28
1242,2014,1,09/07,10,Denver Broncos,31,14,Indianapolis Colts,24
1253,2014,1,09/07,13,Houston Texans,17,32,Washington Redskins,6
1261,2014,1,09/07,16,Kansas City Chiefs,10,31,Tennessee Titans,26
1264,2014,1,09/07,18,Los Angeles Rams,6,20,Minnesota Vikings,34
1268,2014,1,09/07,19,Miami Dolphins,33,21,New England Patriots,20
1274,2014,1,09/07,24,New York Jets,19,25,Oakland Raiders,14
1257,2014,1,09/07,26,Philadelphia Eagles,34,15,Jacksonville Jaguars,17
1234,2014,1,09/07,27,Pittsburgh Steelers,30,8,Cleveland Browns,27
1224,2014,1,09/07,30,Tampa Bay Buccaneers,14,5,Carolina Panthers,20
1204,2014,1,09/08,1,Arizona Cardinals,18,17,Los Angeles Chargers,17
1245,2014,1,09/08,11,Detroit Lions,35,23,New York Giants,14
1165,2014,2,09/11,3,Baltimore Ravens,26,27,Pittsburgh Steelers,6
205,2014,2,09/14,4,Buffalo Bills,29,19,Miami Dolphins,10
271,2014,2,09/14,5,Carolina Panthers,24,11,Detroit Lions,7
120,2014,2,09/14,7,Cincinnati Bengals,24,2,Atlanta Falcons,10
465,2014,2,09/14,8,Cleveland Browns,26,22,New Orleans Saints,24
587,2014,2,09/14,10,Denver Broncos,24,16,Kansas City Chiefs,17
684,2014,2,09/14,12,Green Bay Packers,31,24,New York Jets,24
906,2014,2,09/14,17,Los Angeles Chargers,30,29,Seattle Seahawks,21
1012,2014,2,09/14,20,Minnesota Vikings,7,21,New England Patriots,30
46,2014,2,09/14,23,New York Giants,14,1,Arizona Cardinals,25
732,2014,2,09/14,25,Oakland Raiders,14,13,Houston Texans,30
337,2014,2,09/14,28,San Francisco 49ers,20,6,Chicago Bears,28
949,2014,2,09/14,30,Tampa Bay Buccaneers,17,18,Los Angeles Rams,19
523,2014,2,09/14,31,Tennessee Titans,10,9,Dallas Cowboys,26
827,2014,2,09/14,32,Washington Redskins,41,15,Jacksonville Jaguars,10
783,2014,2,09/15,14,Indianapolis Colts,27,26,Philadelphia Eagles,30
121,2014,3,09/18,2,Atlanta Falcons,56,30,Tampa Bay Buccaneers,14
47,2014,3,09/21,1,Arizona Cardinals,23,28,San Francisco 49ers,14
206,2014,3,09/21,4,Buffalo Bills,10,17,Los Angeles Chargers,22
272,2014,3,09/21,5,Carolina Panthers,19,27,Pittsburgh Steelers,37
404,2014,3,09/21,7,Cincinnati Bengals,33,31,Tennessee Titans,7
466,2014,3,09/21,8,Cleveland Browns,21,3,Baltimore Ravens,23
644,2014,3,09/21,11,Detroit Lions,19,12,Green Bay Packers,7
784,2014,3,09/21,15,Jacksonville Jaguars,17,14,Indianapolis Colts,44
524,2014,3,09/21,18,Los Angeles Rams,31,9,Dallas Cowboys,34
867,2014,3,09/21,19,Miami Dolphins,15,16,Kansas City Chiefs,34
1041,2014,3,09/21,21,New England Patriots,16,25,Oakland Raiders,9
1013,2014,3,09/21,22,New Orleans Saints,20,20,Minnesota Vikings,9
733,2014,3,09/21,23,New York Giants,30,13,Houston Texans,17
1150,2014,3,09/21,26,Philadelphia Eagles,37,32,Washington Redskins,34
588,2014,3,09/21,29,Seattle Seahawks,26,10,Denver Broncos,20
338,2014,3,09/22,24,New York Jets,19,6,Chicago Bears,27
1096,2014,4,09/25,32,Washington Redskins,14,23,New York Giants,45
273,2014,4,09/28,3,Baltimore Ravens,38,5,Carolina Panthers,10
339,2014,4,09/28,6,Chicago Bears,17,12,Green Bay Packers,38
525,2014,4,09/28,9,Dallas Cowboys,38,22,New Orleans Saints,17
207,2014,4,09/28,13,Houston Texans,23,4,Buffalo Bills,17
785,2014,4,09/28,14,Indianapolis Colts,41,31,Tennessee Titans,17
828,2014,4,09/28,17,Los Angeles Chargers,33,15,Jacksonville Jaguars,14
122,2014,4,09/28,20,Minnesota Vikings,41,2,Atlanta Falcons,28
645,2014,4,09/28,24,New York Jets,17,11,Detroit Lions,24
989,2014,4,09/28,25,Oakland Raiders,14,19,Miami Dolphins,38
1173,2014,4,09/28,27,Pittsburgh Steelers,24,30,Tampa Bay Buccaneers,27
1151,2014,4,09/28,28,San Francisco 49ers,26,26,Philadelphia Eagles,21
868,2014,4,09/29,16,Kansas City Chiefs,41,21,New England Patriots,14
685,2014,5,10/02,12,Green Bay Packers,42,20,Minnesota Vikings,10
274,2014,5,10/05,5,Carolina Panthers,31,6,Chicago Bears,24
526,2014,5,10/05,9,Dallas Cowboys,20,13,Houston Texans,17
48,2014,5,10/05,10,Denver Broncos,41,1,Arizona Cardinals,20
208,2014,5,10/05,11,Detroit Lions,14,4,Buffalo Bills,17
786,2014,5,10/05,14,Indianapolis Colts,20,3,Baltimore Ravens,13
829,2014,5,10/05,15,Jacksonville Jaguars,9,27,Pittsburgh Steelers,17
907,2014,5,10/05,17,Los Angeles Chargers,31,24,New York Jets,0
405,2014,5,10/05,21,New England Patriots,43,7,Cincinnati Bengals,17
1065,2014,5,10/05,22,New Orleans Saints,37,30,Tampa Bay Buccaneers,31
123,2014,5,10/05,23,New York Giants,30,2,Atlanta Falcons,20
950,2014,5,10/05,26,Philadelphia Eagles,34,18,Los Angeles Rams,28
869,2014,5,10/05,28,San Francisco 49ers,22,16,Kansas City Chiefs,17
467,2014,5,10/05,31,Tennessee Titans,28,8,Cleveland Browns,29
1195,2014,5,10/06,32,Washington Redskins,17,29,Seattle Seahawks,27
734,2014,6,10/09,13,Houston Texans,28,14,Indianapolis Colts,33
49,2014,6,10/12,1,Arizona Cardinals,30,32,Washington Redskins,20
124,2014,6,10/12,2,Atlanta Falcons,13,6,Chicago Bears,27
209,2014,6,10/12,4,Buffalo Bills,22,21,New England Patriots,37
275,2014,6,10/12,7,Cincinnati Bengals,37,5,Carolina Panthers,37
468,2014,6,10/12,8,Cleveland Browns,31,27,Pittsburgh Steelers,10
686,2014,6,10/12,19,Miami Dolphins,24,12,Green Bay Packers,27
646,2014,6,10/12,20,Minnesota Vikings,3,11,Detroit Lions,17
589,2014,6,10/12,24,New York Jets,17,10,Denver Broncos,31
908,2014,6,10/12,25,Oakland Raiders,28,17,Los Angeles Chargers,31
1097,2014,6,10/12,26,Philadelphia Eagles,27,23,New York Giants,0
527,2014,6,10/12,29,Seattle Seahawks,23,9,Dallas Cowboys,30
1166,2014,6,10/12,30,Tampa Bay Buccaneers,17,3,Baltimore Ravens,48
830,2014,6,10/12,31,Tennessee Titans,16,15,Jacksonville Jaguars,14
951,2014,6,10/13,18,Los Angeles Rams,17,28,San Francisco 49ers,31
1042,2014,7,10/16,21,New England Patriots,27,24,New York Jets,25
125,2014,7,10/19,3,Baltimore Ravens,29,2,Atlanta Falcons,7
210,2014,7,10/19,4,Buffalo Bills,17,20,Minnesota Vikings,16
340,2014,7,10/19,6,Chicago Bears,14,19,Miami Dolphins,27
528,2014,7,10/19,9,Dallas Cowboys,31,23,New York Giants,21
590,2014,7,10/19,10,Denver Broncos,42,28,San Francisco 49ers,17
647,2014,7,10/19,11,Detroit Lions,24,22,New Orleans Saints,23
276,2014,7,10/19,12,Green Bay Packers,38,5,Carolina Panthers,17
406,2014,7,10/19,14,Indianapolis Colts,27,7,Cincinnati Bengals,0
469,2014,7,10/19,15,Jacksonville Jaguars,24,8,Cleveland Browns,6
870,2014,7,10/19,17,Los Angeles Chargers,20,16,Kansas City Chiefs,23
952,2014,7,10/19,18,Los Angeles Rams,28,29,Seattle Seahawks,26
50,2014,7,10/19,25,Oakland Raiders,13,1,Arizona Cardinals,24
1200,2014,7,10/19,32,Washington Redskins,19,31,Tennessee Titans,17
735,2014,7,10/20,27,Pittsburgh Steelers,30,13,Houston Texans,23
591,2014,8,10/23,10,Denver Broncos,35,17,Los Angeles Chargers,21
51,2014,8,10/26,1,Arizona Cardinals,24,26,Philadelphia Eagles,20
126,2014,8,10/26,2,Atlanta Falcons,21,11,Detroit Lions,22
277,2014,8,10/26,5,Carolina Panthers,9,29,Seattle Seahawks,13
407,2014,8,10/26,7,Cincinnati Bengals,27,3,Baltimore Ravens,24
470,2014,8,10/26,8,Cleveland Browns,23,25,Oakland Raiders,13
831,2014,8,10/26,15,Jacksonville Jaguars,13,19,Miami Dolphins,27
871,2014,8,10/26,16,Kansas City Chiefs,34,18,Los Angeles Rams,7
341,2014,8,10/26,21,New England Patriots,51,6,Chicago Bears,23
687,2014,8,10/26,22,New Orleans Saints,44,12,Green Bay Packers,23
211,2014,8,10/26,24,New York Jets,23,4,Buffalo Bills,43
787,2014,8,10/26,27,Pittsburgh Steelers,51,14,Indianapolis Colts,34
1014,2014,8,10/26,30,Tampa Bay Buccaneers,13,20,Minnesota Vikings,19
736,2014,8,10/26,31,Tennessee Titans,16,13,Houston Texans,30
529,2014,8,10/27,9,Dallas Cowboys,17,32,Washington Redskins,20
278,2014,9,10/30,5,Carolina Panthers,10,22,New Orleans Saints,28
408,2014,9,11/02,7,Cincinnati Bengals,33,15,Jacksonville Jaguars,23
471,2014,9,11/02,8,Cleveland Browns,22,30,Tampa Bay Buccaneers,17
52,2014,9,11/02,9,Dallas Cowboys,17,1,Arizona Cardinals,28
737,2014,9,11/02,13,Houston Texans,21,26,Philadelphia Eagles,31
872,2014,9,11/02,16,Kansas City Chiefs,24,24,New York Jets,10
909,2014,9,11/02,19,Miami Dolphins,37,17,Los Angeles Chargers,0
1015,2014,9,11/02,20,Minnesota Vikings,29,32,Washington Redskins,26
592,2014,9,11/02,21,New England Patriots,43,10,Denver Broncos,21
1167,2014,9,11/02,27,Pittsburgh Steelers,43,3,Baltimore Ravens,23
953,2014,9,11/02,28,San Francisco 49ers,10,18,Los Angeles Rams,13
1133,2014,9,11/02,29,Seattle Seahawks,30,25,Oakland Raiders,24
788,2014,9,11/03,23,New York Giants,24,14,Indianapolis Colts,40
409,2014,10,11/06,7,Cincinnati Bengals,3,8,Cleveland Browns,24
53,2014,10,11/09,1,Arizona Cardinals,31,18,Los Angeles Rams,14
1168,2014,10,11/09,3,Baltimore Ravens,21,31,Tennessee Titans,7
212,2014,10,11/09,4,Buffalo Bills,13,16,Kansas City Chiefs,17
648,2014,10,11/09,11,Detroit Lions,20,19,Miami Dolphins,16
342,2014,10,11/09,12,Green Bay Packers,55,6,Chicago Bears,14
530,2014,10,11/09,15,Jacksonville Jaguars,17,9,Dallas Cowboys,31
1066,2014,10,11/09,22,New Orleans Saints,24,28,San Francisco 49ers,27
1119,2014,10,11/09,24,New York Jets,20,27,Pittsburgh Steelers,13
593,2014,10,11/09,25,Oakland Raiders,17,10,Denver Broncos,41
1098,2014,10,11/09,29,Seattle Seahawks,38,23,New York Giants,17
127,2014,10,11/09,30,Tampa Bay Buccaneers,17,2,Atlanta Falcons,27
279,2014,10,11/10,26,Philadelphia Eagles,45,5,Carolina Panthers,21
213,2014,11,11/13,19,Miami Dolphins,22,4,Buffalo Bills,9
54,2014,11,11/16,1,Arizona Cardinals,14,11,Detroit Lions,6
128,2014,11,11/16,5,Carolina Panthers,17,2,Atlanta Falcons,19
343,2014,11,11/16,6,Chicago Bears,21,20,Minnesota Vikings,13
472,2014,11,11/16,8,Cleveland Browns,7,13,Houston Texans,23
688,2014,11,11/16,12,Green Bay Packers,53,26,Philadelphia Eagles,20
789,2014,11,11/16,14,Indianapolis Colts,20,21,New England Patriots,42
873,2014,11,11/16,16,Kansas City Chiefs,24,29,Seattle Seahawks,20
910,2014,11,11/16,17,Los Angeles Chargers,13,25,Oakland Raiders,6
594,2014,11,11/16,18,Los Angeles Rams,22,10,Denver Broncos,7
410,2014,11,11/16,22,New Orleans Saints,10,7,Cincinnati Bengals,27
1099,2014,11,11/16,23,New York Giants,10,28,San Francisco 49ers,16
1199,2014,11,11/16,32,Washington Redskins,7,30,Tampa Bay Buccaneers,27
1174,2014,11,11/17,31,Tennessee Titans,24,27,Pittsburgh Steelers,27
874,2014,12,11/20,25,Oakland Raiders,24,16,Kansas City Chiefs,20
129,2014,12,11/23,2,Atlanta Falcons,24,8,Cleveland Browns,26
344,2014,12,11/23,6,Chicago Bears,21,30,Tampa Bay Buccaneers,13
595,2014,12,11/23,10,Denver Broncos,39,19,Miami Dolphins,36
411,2014,12,11/23,13,Houston Texans,13,7,Cincinnati Bengals,22
790,2014,12,11/23,14,Indianapolis Colts,23,15,Jacksonville Jaguars,3
911,2014,12,11/23,17,Los Angeles Chargers,27,18,Los Angeles Rams,24
689,2014,12,11/23,20,Minnesota Vikings,21,12,Green Bay Packers,24
649,2014,12,11/23,21,New England Patriots,34,11,Detroit Lions,9
531,2014,12,11/23,23,New York Giants,28,9,Dallas Cowboys,31
1152,2014,12,11/23,26,Philadelphia Eagles,43,31,Tennessee Titans,24
1184,2014,12,11/23,28,San Francisco 49ers,17,32,Washington Redskins,13
55,2014,12,11/23,29,Seattle Seahawks,19,1,Arizona Cardinals,3
214,2014,12,11/24,4,Buffalo Bills,38,24,New York Jets,3
1067,2014,12,11/24,22,New Orleans Saints,27,3,Baltimore Ravens,34
532,2014,13,11/27,9,Dallas Cowboys,10,26,Philadelphia Eagles,33
345,2014,13,11/27,11,Detroit Lions,34,6,Chicago Bears,17
1185,2014,13,11/27,28,San Francisco 49ers,3,29,Seattle Seahawks,19
56,2014,13,11/30,2,Atlanta Falcons,29,1,Arizona Cardinals,18
912,2014,13,11/30,3,Baltimore Ravens,33,17,Los Angeles Chargers,34
215,2014,13,11/30,4,Buffalo Bills,26,8,Cleveland Browns,10
690,2014,13,11/30,12,Green Bay Packers,26,21,New England Patriots,21
738,2014,13,11/30,13,Houston Texans,45,31,Tennessee Titans,21
791,2014,13,11/30,14,Indianapolis Colts,49,32,Washington Redskins,27
832,2014,13,11/30,15,Jacksonville Jaguars,25,23,New York Giants,24
596,2014,13,11/30,16,Kansas City Chiefs,16,10,Denver Broncos,29
954,2014,13,11/30,18,Los Angeles Rams,52,25,Oakland Raiders,0
280,2014,13,11/30,20,Minnesota Vikings,31,5,Carolina Panthers,13
1068,2014,13,11/30,27,Pittsburgh Steelers,32,22,New Orleans Saints,35
412,2014,13,11/30,30,Tampa Bay Buccaneers,13,7,Cincinnati Bengals,14
990,2014,13,12/01,24,New York Jets,13,19,Miami Dolphins,16
346,2014,14,12/04,6,Chicago Bears,28,9,Dallas Cowboys,41
57,2014,14,12/07,1,Arizona Cardinals,17,16,Kansas City Chiefs,14
413,2014,14,12/07,7,Cincinnati Bengals,21,27,Pittsburgh Steelers,42
473,2014,14,12/07,8,Cleveland Browns,24,14,Indianapolis Colts,25
216,2014,14,12/07,10,Denver Broncos,24,4,Buffalo Bills,17
650,2014,14,12/07,11,Detroit Lions,34,30,Tampa Bay Buccaneers,17
739,2014,14,12/07,15,Jacksonville Jaguars,13,13,Houston Texans,27
913,2014,14,12/07,17,Los Angeles Chargers,14,21,New England Patriots,23
991,2014,14,12/07,19,Miami Dolphins,13,3,Baltimore Ravens,28
1016,2014,14,12/07,20,Minnesota Vikings,30,24,New York Jets,24
281,2014,14,12/07,22,New Orleans Saints,10,5,Carolina Panthers,41
1134,2014,14,12/07,25,Oakland Raiders,24,28,San Francisco 49ers,13
1153,2014,14,12/07,26,Philadelphia Eagles,14,29,Seattle Seahawks,24
1100,2014,14,12/07,31,Tennessee Titans,7,23,New York Giants,36
955,2014,14,12/07,32,Washington Redskins,0,18,Los Angeles Rams,24
130,2014,14,12/08,12,Green Bay Packers,43,2,Atlanta Falcons,37
58,2014,15,12/11,18,Los Angeles Rams,6,1,Arizona Cardinals,12
131,2014,15,12/14,2,Atlanta Falcons,20,27,Pittsburgh Steelers,27
833,2014,15,12/14,3,Baltimore Ravens,20,15,Jacksonville Jaguars,12
217,2014,15,12/14,4,Buffalo Bills,21,12,Green Bay Packers,13
282,2014,15,12/14,5,Carolina Panthers,19,30,Tampa Bay Buccaneers,17
414,2014,15,12/14,8,Cleveland Browns,0,7,Cincinnati Bengals,30
651,2014,15,12/14,11,Detroit Lions,16,20,Minnesota Vikings,14
740,2014,15,12/14,14,Indianapolis Colts,17,13,Houston Texans,10
875,2014,15,12/14,16,Kansas City Chiefs,31,25,Oakland Raiders,13
597,2014,15,12/14,17,Los Angeles Chargers,10,10,Denver Broncos,22
992,2014,15,12/14,21,New England Patriots,41,19,Miami Dolphins,13
1101,2014,15,12/14,23,New York Giants,24,32,Washington Redskins,13
533,2014,15,12/14,26,Philadelphia Eagles,27,9,Dallas Cowboys,38
1186,2014,15,12/14,29,Seattle Seahawks,17,28,San Francisco 49ers,7
1120,2014,15,12/14,31,Tennessee Titans,11,24,New York Jets,16
347,2014,15,12/15,6,Chicago Bears,15,22,New Orleans Saints,31
834,2014,16,12/18,15,Jacksonville Jaguars,21,31,Tennessee Titans,13
914,2014,16,12/20,28,San Francisco 49ers,35,17,Los Angeles Chargers,38
1154,2014,16,12/20,32,Washington Redskins,27,26,Philadelphia Eagles,24
59,2014,16,12/21,1,Arizona Cardinals,6,29,Seattle Seahawks,35
283,2014,16,12/21,5,Carolina Panthers,17,8,Cleveland Browns,13
348,2014,16,12/21,6,Chicago Bears,14,11,Detroit Lions,20
534,2014,16,12/21,9,Dallas Cowboys,42,14,Indianapolis Colts,7
741,2014,16,12/21,13,Houston Texans,25,3,Baltimore Ravens,13
956,2014,16,12/21,18,Los Angeles Rams,27,23,New York Giants,37
993,2014,16,12/21,19,Miami Dolphins,37,20,Minnesota Vikings,35
132,2014,16,12/21,22,New Orleans Saints,14,2,Atlanta Falcons,30
1043,2014,16,12/21,24,New York Jets,16,21,New England Patriots,17
218,2014,16,12/21,25,Oakland Raiders,26,4,Buffalo Bills,24
876,2014,16,12/21,27,Pittsburgh Steelers,20,16,Kansas City Chiefs,12
691,2014,16,12/21,30,Tampa Bay Buccaneers,3,12,Green Bay Packers,20
415,2014,16,12/22,7,Cincinnati Bengals,37,10,Denver Broncos,28
133,2014,17,12/28,2,Atlanta Falcons,3,5,Carolina Panthers,34
474,2014,17,12/28,3,Baltimore Ravens,20,8,Cleveland Browns,10
598,2014,17,12/28,10,Denver Broncos,47,25,Oakland Raiders,14
652,2014,17,12/28,12,Green Bay Packers,30,11,Detroit Lions,20
742,2014,17,12/28,13,Houston Texans,23,15,Jacksonville Jaguars,17
877,2014,17,12/28,16,Kansas City Chiefs,19,17,Los Angeles Chargers,7
994,2014,17,12/28,19,Miami Dolphins,24,24,New York Jets,37
349,2014,17,12/28,20,Minnesota Vikings,13,6,Chicago Bears,9
219,2014,17,12/28,21,New England Patriots,9,4,Buffalo Bills,17
1102,2014,17,12/28,23,New York Giants,26,26,Philadelphia Eagles,34
416,2014,17,12/28,27,Pittsburgh Steelers,27,7,Cincinnati Bengals,17
60,2014,17,12/28,28,San Francisco 49ers,20,1,Arizona Cardinals,17
957,2014,17,12/28,29,Seattle Seahawks,20,18,Los Angeles Rams,6
1069,2014,17,12/28,30,Tampa Bay Buccaneers,20,22,New Orleans Saints,23
792,2014,17,12/28,31,Tennessee Titans,10,14,Indianapolis Colts,27
535,2014,17,12/28,32,Washington Redskins,17,9,Dallas Cowboys,44
1215,2013,1,09/05,10,Denver Broncos,49,3,Baltimore Ravens,27
1220,2013,1,09/08,4,Buffalo Bills,21,21,New England Patriots,23
1225,2013,1,09/08,5,Carolina Panthers,7,29,Seattle Seahawks,12
1228,2013,1,09/08,6,Chicago Bears,24,7,Cincinnati Bengals,21
1235,2013,1,09/08,8,Cleveland Browns,10,19,Miami Dolphins,23
1240,2013,1,09/08,9,Dallas Cowboys,36,23,New York Giants,31
1246,2013,1,09/08,11,Detroit Lions,34,20,Minnesota Vikings,24
1256,2013,1,09/08,14,Indianapolis Colts,21,25,Oakland Raiders,17
1258,2013,1,09/08,15,Jacksonville Jaguars,2,16,Kansas City Chiefs,28
1205,2013,1,09/08,18,Los Angeles Rams,27,1,Arizona Cardinals,24
1210,2013,1,09/08,22,New Orleans Saints,23,2,Atlanta Falcons,17
1275,2013,1,09/08,24,New York Jets,18,30,Tampa Bay Buccaneers,17
1280,2013,1,09/08,27,Pittsburgh Steelers,9,31,Tennessee Titans,16
1250,2013,1,09/08,28,San Francisco 49ers,34,12,Green Bay Packers,28
1254,2013,1,09/09,17,Los Angeles Chargers,28,13,Houston Texans,31
1278,2013,1,09/09,32,Washington Redskins,27,26,Philadelphia Eagles,33
1044,2013,2,09/12,21,New England Patriots,13,24,New York Jets,10
61,2013,2,09/15,1,Arizona Cardinals,25,11,Detroit Lions,21
134,2013,2,09/15,2,Atlanta Falcons,31,18,Los Angeles Rams,24
475,2013,2,09/15,3,Baltimore Ravens,14,8,Cleveland Browns,6
220,2013,2,09/15,4,Buffalo Bills,24,5,Carolina Panthers,23
350,2013,2,09/15,6,Chicago Bears,31,20,Minnesota Vikings,30
692,2013,2,09/15,12,Green Bay Packers,38,32,Washington Redskins,20
743,2013,2,09/15,13,Houston Texans,30,31,Tennessee Titans,24
793,2013,2,09/15,14,Indianapolis Colts,20,19,Miami Dolphins,24
536,2013,2,09/15,16,Kansas City Chiefs,17,9,Dallas Cowboys,16
599,2013,2,09/15,23,New York Giants,23,10,Denver Broncos,41
835,2013,2,09/15,25,Oakland Raiders,19,15,Jacksonville Jaguars,9
915,2013,2,09/15,26,Philadelphia Eagles,30,17,Los Angeles Chargers,33
1187,2013,2,09/15,29,Seattle Seahawks,29,28,San Francisco 49ers,3
1070,2013,2,09/15,30,Tampa Bay Buccaneers,14,22,New Orleans Saints,16
417,2013,2,09/16,7,Cincinnati Bengals,20,27,Pittsburgh Steelers,10
878,2013,3,09/19,26,Philadelphia Eagles,16,16,Kansas City Chiefs,26
744,2013,3,09/22,3,Baltimore Ravens,30,13,Houston Texans,9
284,2013,3,09/22,5,Carolina Panthers,38,23,New York Giants,0
418,2013,3,09/22,7,Cincinnati Bengals,34,12,Green Bay Packers,30
537,2013,3,09/22,9,Dallas Cowboys,31,18,Los Angeles Rams,7
135,2013,3,09/22,19,Miami Dolphins,27,2,Atlanta Falcons,23
476,2013,3,09/22,20,Minnesota Vikings,27,8,Cleveland Browns,31
1045,2013,3,09/22,21,New England Patriots,23,30,Tampa Bay Buccaneers,3
62,2013,3,09/22,22,New Orleans Saints,31,1,Arizona Cardinals,7
221,2013,3,09/22,24,New York Jets,27,4,Buffalo Bills,20
351,2013,3,09/22,27,Pittsburgh Steelers,23,6,Chicago Bears,40
794,2013,3,09/22,28,San Francisco 49ers,7,14,Indianapolis Colts,27
836,2013,3,09/22,29,Seattle Seahawks,45,15,Jacksonville Jaguars,17
916,2013,3,09/22,31,Tennessee Titans,20,17,Los Angeles Chargers,17
653,2013,3,09/22,32,Washington Redskins,20,11,Detroit Lions,27
600,2013,3,09/23,10,Denver Broncos,37,25,Oakland Raiders,21
958,2013,4,09/26,18,Los Angeles Rams,11,28,San Francisco 49ers,35
136,2013,4,09/29,2,Atlanta Falcons,23,21,New England Patriots,30
222,2013,4,09/29,4,Buffalo Bills,23,3,Baltimore Ravens,20
419,2013,4,09/29,8,Cleveland Browns,17,7,Cincinnati Bengals,6
601,2013,4,09/29,10,Denver Broncos,52,26,Philadelphia Eagles,20
352,2013,4,09/29,11,Detroit Lions,40,6,Chicago Bears,32
745,2013,4,09/29,13,Houston Texans,20,29,Seattle Seahawks,23
795,2013,4,09/29,15,Jacksonville Jaguars,3,14,Indianapolis Colts,37
879,2013,4,09/29,16,Kansas City Chiefs,31,23,New York Giants,7
538,2013,4,09/29,17,Los Angeles Chargers,30,9,Dallas Cowboys,21
1017,2013,4,09/29,20,Minnesota Vikings,34,27,Pittsburgh Steelers,27
1135,2013,4,09/29,25,Oakland Raiders,14,32,Washington Redskins,24
63,2013,4,09/29,30,Tampa Bay Buccaneers,10,1,Arizona Cardinals,13
1121,2013,4,09/29,31,Tennessee Titans,38,24,New York Jets,13
995,2013,4,09/30,22,New Orleans Saints,38,19,Miami Dolphins,17
223,2013,5,10/03,8,Cleveland Browns,37,4,Buffalo Bills,24
64,2013,5,10/06,1,Arizona Cardinals,22,5,Carolina Panthers,6
353,2013,5,10/06,6,Chicago Bears,18,22,New Orleans Saints,26
420,2013,5,10/06,7,Cincinnati Bengals,13,21,New England Patriots,6
539,2013,5,10/06,9,Dallas Cowboys,48,10,Denver Broncos,51
654,2013,5,10/06,12,Green Bay Packers,22,11,Detroit Lions,9
796,2013,5,10/06,14,Indianapolis Colts,34,29,Seattle Seahawks,28
837,2013,5,10/06,18,Los Angeles Rams,34,15,Jacksonville Jaguars,20
996,2013,5,10/06,19,Miami Dolphins,23,3,Baltimore Ravens,26
1103,2013,5,10/06,23,New York Giants,21,26,Philadelphia Eagles,36
917,2013,5,10/06,25,Oakland Raiders,27,17,Los Angeles Chargers,17
746,2013,5,10/06,28,San Francisco 49ers,34,13,Houston Texans,3
880,2013,5,10/06,31,Tennessee Titans,17,16,Kansas City Chiefs,26
137,2013,5,10/07,2,Atlanta Falcons,28,24,New York Jets,30
354,2013,6,10/10,6,Chicago Bears,27,23,New York Giants,21
693,2013,6,10/13,3,Baltimore Ravens,17,12,Green Bay Packers,19
224,2013,6,10/13,4,Buffalo Bills,24,7,Cincinnati Bengals,27
477,2013,6,10/13,8,Cleveland Browns,17,11,Detroit Lions,31
540,2013,6,10/13,9,Dallas Cowboys,31,32,Washington Redskins,16
602,2013,6,10/13,10,Denver Broncos,35,15,Jacksonville Jaguars,19
747,2013,6,10/13,13,Houston Texans,13,18,Los Angeles Rams,38
881,2013,6,10/13,16,Kansas City Chiefs,24,25,Oakland Raiders,7
285,2013,6,10/13,20,Minnesota Vikings,10,5,Carolina Panthers,35
1046,2013,6,10/13,21,New England Patriots,30,22,New Orleans Saints,27
1122,2013,6,10/13,24,New York Jets,6,27,Pittsburgh Steelers,19
65,2013,6,10/13,28,San Francisco 49ers,32,1,Arizona Cardinals,20
1196,2013,6,10/13,29,Seattle Seahawks,20,31,Tennessee Titans,13
1155,2013,6,10/13,30,Tampa Bay Buccaneers,20,26,Philadelphia Eagles,31
797,2013,6,10/14,17,Los Angeles Chargers,19,14,Indianapolis Colts,9
66,2013,7,10/17,1,Arizona Cardinals,22,29,Seattle Seahawks,34
138,2013,7,10/20,2,Atlanta Falcons,31,30,Tampa Bay Buccaneers,23
286,2013,7,10/20,5,Carolina Panthers,30,18,Los Angeles Rams,15
421,2013,7,10/20,11,Detroit Lions,24,7,Cincinnati Bengals,27
478,2013,7,10/20,12,Green Bay Packers,31,8,Cleveland Browns,13
603,2013,7,10/20,14,Indianapolis Colts,39,10,Denver Broncos,33
838,2013,7,10/20,15,Jacksonville Jaguars,6,17,Los Angeles Chargers,24
748,2013,7,10/20,16,Kansas City Chiefs,17,13,Houston Texans,16
225,2013,7,10/20,19,Miami Dolphins,21,4,Buffalo Bills,23
1047,2013,7,10/20,24,New York Jets,30,21,New England Patriots,27
541,2013,7,10/20,26,Philadelphia Eagles,3,9,Dallas Cowboys,17
1169,2013,7,10/20,27,Pittsburgh Steelers,19,3,Baltimore Ravens,16
1188,2013,7,10/20,31,Tennessee Titans,17,28,San Francisco 49ers,31
355,2013,7,10/20,32,Washington Redskins,45,6,Chicago Bears,41
1018,2013,7,10/21,23,New York Giants,23,20,Minnesota Vikings,7
287,2013,8,10/24,30,Tampa Bay Buccaneers,13,5,Carolina Panthers,31
67,2013,8,10/27,1,Arizona Cardinals,27,2,Atlanta Falcons,13
422,2013,8,10/27,7,Cincinnati Bengals,49,24,New York Jets,9
604,2013,8,10/27,10,Denver Broncos,45,32,Washington Redskins,21
542,2013,8,10/27,11,Detroit Lions,31,9,Dallas Cowboys,30
839,2013,8,10/27,15,Jacksonville Jaguars,10,28,San Francisco 49ers,42
479,2013,8,10/27,16,Kansas City Chiefs,23,8,Cleveland Browns,17
694,2013,8,10/27,20,Minnesota Vikings,31,12,Green Bay Packers,44
997,2013,8,10/27,21,New England Patriots,27,19,Miami Dolphins,17
226,2013,8,10/27,22,New Orleans Saints,35,4,Buffalo Bills,17
1136,2013,8,10/27,25,Oakland Raiders,21,27,Pittsburgh Steelers,18
1104,2013,8,10/27,26,Philadelphia Eagles,7,23,New York Giants,15
959,2013,8,10/28,18,Los Angeles Rams,9,29,Seattle Seahawks,14
423,2013,9,10/31,19,Miami Dolphins,22,7,Cincinnati Bengals,20
227,2013,9,11/03,4,Buffalo Bills,13,16,Kansas City Chiefs,23
139,2013,9,11/03,5,Carolina Panthers,34,2,Atlanta Falcons,10
480,2013,9,11/03,8,Cleveland Browns,24,3,Baltimore Ravens,18
543,2013,9,11/03,9,Dallas Cowboys,27,20,Minnesota Vikings,23
749,2013,9,11/03,13,Houston Texans,24,14,Indianapolis Colts,27
960,2013,9,11/03,18,Los Angeles Rams,21,31,Tennessee Titans,28
1048,2013,9,11/03,21,New England Patriots,55,27,Pittsburgh Steelers,31
1071,2013,9,11/03,24,New York Jets,26,22,New Orleans Saints,20
1137,2013,9,11/03,25,Oakland Raiders,20,26,Philadelphia Eagles,49
1197,2013,9,11/03,29,Seattle Seahawks,27,30,Tampa Bay Buccaneers,24
918,2013,9,11/03,32,Washington Redskins,30,17,Los Angeles Chargers,24
356,2013,9,11/04,12,Green Bay Packers,20,6,Chicago Bears,27
1019,2013,10,11/07,20,Minnesota Vikings,34,32,Washington Redskins,27
68,2013,10,11/10,1,Arizona Cardinals,27,13,Houston Texans,24
140,2013,10,11/10,2,Atlanta Falcons,10,29,Seattle Seahawks,33
424,2013,10,11/10,3,Baltimore Ravens,20,7,Cincinnati Bengals,17
357,2013,10,11/10,6,Chicago Bears,19,11,Detroit Lions,21
695,2013,10,11/10,12,Green Bay Packers,13,26,Philadelphia Eagles,27
798,2013,10,11/10,14,Indianapolis Colts,8,18,Los Angeles Rams,38
605,2013,10,11/10,17,Los Angeles Chargers,20,10,Denver Broncos,28
544,2013,10,11/10,22,New Orleans Saints,49,9,Dallas Cowboys,17
1105,2013,10,11/10,23,New York Giants,24,25,Oakland Raiders,20
228,2013,10,11/10,27,Pittsburgh Steelers,23,4,Buffalo Bills,10
288,2013,10,11/10,28,San Francisco 49ers,9,5,Carolina Panthers,10
840,2013,10,11/10,31,Tennessee Titans,27,15,Jacksonville Jaguars,29
998,2013,10,11/11,30,Tampa Bay Buccaneers,22,19,Miami Dolphins,19
799,2013,11,11/14,31,Tennessee Titans,27,14,Indianapolis Colts,30
229,2013,11,11/17,4,Buffalo Bills,37,24,New York Jets,14
358,2013,11,11/17,6,Chicago Bears,23,3,Baltimore Ravens,20
425,2013,11,11/17,7,Cincinnati Bengals,41,8,Cleveland Browns,20
606,2013,11,11/17,10,Denver Broncos,27,16,Kansas City Chiefs,17
750,2013,11,11/17,13,Houston Texans,23,25,Oakland Raiders,28
69,2013,11,11/17,15,Jacksonville Jaguars,14,1,Arizona Cardinals,27
919,2013,11,11/17,19,Miami Dolphins,20,17,Los Angeles Chargers,16
1072,2013,11,11/17,22,New Orleans Saints,23,28,San Francisco 49ers,20
696,2013,11,11/17,23,New York Giants,27,12,Green Bay Packers,13
1156,2013,11,11/17,26,Philadelphia Eagles,24,32,Washington Redskins,16
655,2013,11,11/17,27,Pittsburgh Steelers,37,11,Detroit Lions,27
1020,2013,11,11/17,29,Seattle Seahawks,41,20,Minnesota Vikings,20
141,2013,11,11/17,30,Tampa Bay Buccaneers,41,2,Atlanta Falcons,28
289,2013,11,11/18,5,Carolina Panthers,24,21,New England Patriots,20
142,2013,12,11/21,2,Atlanta Falcons,13,22,New Orleans Saints,17
70,2013,12,11/24,1,Arizona Cardinals,40,14,Indianapolis Colts,11
1123,2013,12,11/24,3,Baltimore Ravens,19,24,New York Jets,3
481,2013,12,11/24,8,Cleveland Browns,11,27,Pittsburgh Steelers,27
656,2013,12,11/24,11,Detroit Lions,21,30,Tampa Bay Buccaneers,24
697,2013,12,11/24,12,Green Bay Packers,26,20,Minnesota Vikings,26
751,2013,12,11/24,13,Houston Texans,6,15,Jacksonville Jaguars,13
882,2013,12,11/24,16,Kansas City Chiefs,38,17,Los Angeles Chargers,41
359,2013,12,11/24,18,Los Angeles Rams,42,6,Chicago Bears,21
290,2013,12,11/24,19,Miami Dolphins,16,5,Carolina Panthers,20
607,2013,12,11/24,21,New England Patriots,34,10,Denver Broncos,31
545,2013,12,11/24,23,New York Giants,21,9,Dallas Cowboys,24
1138,2013,12,11/24,25,Oakland Raiders,19,31,Tennessee Titans,23
1189,2013,12,11/25,32,Washington Redskins,6,28,San Francisco 49ers,27
1170,2013,13,11/28,3,Baltimore Ravens,22,27,Pittsburgh Steelers,20
546,2013,13,11/28,9,Dallas Cowboys,31,25,Oakland Raiders,24
657,2013,13,11/28,11,Detroit Lions,40,12,Green Bay Packers,10
143,2013,13,12/01,4,Buffalo Bills,31,2,Atlanta Falcons,34
291,2013,13,12/01,5,Carolina Panthers,27,30,Tampa Bay Buccaneers,6
482,2013,13,12/01,8,Cleveland Browns,28,15,Jacksonville Jaguars,32
752,2013,13,12/01,13,Houston Texans,31,21,New England Patriots,34
800,2013,13,12/01,14,Indianapolis Colts,22,31,Tennessee Titans,14
608,2013,13,12/01,16,Kansas City Chiefs,28,10,Denver Broncos,35
426,2013,13,12/01,17,Los Angeles Chargers,10,7,Cincinnati Bengals,17
360,2013,13,12/01,20,Minnesota Vikings,23,6,Chicago Bears,20
999,2013,13,12/01,24,New York Jets,3,19,Miami Dolphins,23
71,2013,13,12/01,26,Philadelphia Eagles,24,1,Arizona Cardinals,21
961,2013,13,12/01,28,San Francisco 49ers,23,18,Los Angeles Rams,13
1106,2013,13,12/01,32,Washington Redskins,17,23,New York Giants,24
1073,2013,13,12/02,29,Seattle Seahawks,34,22,New Orleans Saints,7
753,2013,14,12/05,15,Jacksonville Jaguars,27,13,Houston Texans,20
72,2013,14,12/08,1,Arizona Cardinals,30,18,Los Angeles Rams,10
1021,2013,14,12/08,3,Baltimore Ravens,29,20,Minnesota Vikings,26
427,2013,14,12/08,7,Cincinnati Bengals,42,14,Indianapolis Colts,28
609,2013,14,12/08,10,Denver Broncos,51,31,Tennessee Titans,28
144,2013,14,12/08,12,Green Bay Packers,22,2,Atlanta Falcons,21
920,2013,14,12/08,17,Los Angeles Chargers,37,23,New York Giants,14
483,2013,14,12/08,21,New England Patriots,27,8,Cleveland Browns,26
292,2013,14,12/08,22,New Orleans Saints,31,5,Carolina Panthers,13
1124,2013,14,12/08,24,New York Jets,37,25,Oakland Raiders,27
658,2013,14,12/08,26,Philadelphia Eagles,34,11,Detroit Lions,20
1000,2013,14,12/08,27,Pittsburgh Steelers,28,19,Miami Dolphins,34
1190,2013,14,12/08,28,San Francisco 49ers,19,29,Seattle Seahawks,17
230,2013,14,12/08,30,Tampa Bay Buccaneers,27,4,Buffalo Bills,6
883,2013,14,12/08,32,Washington Redskins,10,16,Kansas City Chiefs,45
361,2013,14,12/09,6,Chicago Bears,45,9,Dallas Cowboys,28
610,2013,15,12/12,10,Denver Broncos,20,17,Los Angeles Chargers,27
145,2013,15,12/15,2,Atlanta Falcons,27,32,Washington Redskins,26
293,2013,15,12/15,5,Carolina Panthers,30,24,New York Jets,20
362,2013,15,12/15,8,Cleveland Browns,31,6,Chicago Bears,38
547,2013,15,12/15,9,Dallas Cowboys,36,12,Green Bay Packers,37
754,2013,15,12/15,14,Indianapolis Colts,25,13,Houston Texans,3
231,2013,15,12/15,15,Jacksonville Jaguars,20,4,Buffalo Bills,27
962,2013,15,12/15,18,Los Angeles Rams,27,22,New Orleans Saints,16
1001,2013,15,12/15,19,Miami Dolphins,24,21,New England Patriots,20
1022,2013,15,12/15,20,Minnesota Vikings,48,26,Philadelphia Eagles,30
1107,2013,15,12/15,23,New York Giants,0,29,Seattle Seahawks,23
884,2013,15,12/15,25,Oakland Raiders,31,16,Kansas City Chiefs,56
428,2013,15,12/15,27,Pittsburgh Steelers,30,7,Cincinnati Bengals,20
1191,2013,15,12/15,30,Tampa Bay Buccaneers,14,28,San Francisco 49ers,33
73,2013,15,12/15,31,Tennessee Titans,34,1,Arizona Cardinals,37
659,2013,15,12/16,11,Detroit Lions,16,3,Baltimore Ravens,18
1049,2013,16,12/22,3,Baltimore Ravens,7,21,New England Patriots,41
232,2013,16,12/22,4,Buffalo Bills,19,19,Miami Dolphins,0
294,2013,16,12/22,5,Carolina Panthers,17,22,New Orleans Saints,13
429,2013,16,12/22,7,Cincinnati Bengals,42,20,Minnesota Vikings,14
660,2013,16,12/22,11,Detroit Lions,20,23,New York Giants,23
698,2013,16,12/22,12,Green Bay Packers,31,27,Pittsburgh Steelers,38
611,2013,16,12/22,13,Houston Texans,13,10,Denver Broncos,37
841,2013,16,12/22,15,Jacksonville Jaguars,16,31,Tennessee Titans,20
801,2013,16,12/22,16,Kansas City Chiefs,7,14,Indianapolis Colts,23
921,2013,16,12/22,17,Los Angeles Chargers,26,25,Oakland Raiders,13
963,2013,16,12/22,18,Los Angeles Rams,23,30,Tampa Bay Buccaneers,13
484,2013,16,12/22,24,New York Jets,24,8,Cleveland Browns,13
363,2013,16,12/22,26,Philadelphia Eagles,54,6,Chicago Bears,11
74,2013,16,12/22,29,Seattle Seahawks,10,1,Arizona Cardinals,17
548,2013,16,12/22,32,Washington Redskins,23,9,Dallas Cowboys,24
146,2013,16,12/23,28,San Francisco 49ers,34,2,Atlanta Falcons,24
75,2013,17,12/29,1,Arizona Cardinals,20,28,San Francisco 49ers,23
147,2013,17,12/29,2,Atlanta Falcons,20,5,Carolina Panthers,21
364,2013,17,12/29,6,Chicago Bears,28,12,Green Bay Packers,33
430,2013,17,12/29,7,Cincinnati Bengals,34,3,Baltimore Ravens,17
549,2013,17,12/29,9,Dallas Cowboys,22,26,Philadelphia Eagles,24
802,2013,17,12/29,14,Indianapolis Colts,30,15,Jacksonville Jaguars,10
885,2013,17,12/29,17,Los Angeles Chargers,27,16,Kansas City Chiefs,24
1002,2013,17,12/29,19,Miami Dolphins,7,24,New York Jets,20
661,2013,17,12/29,20,Minnesota Vikings,14,11,Detroit Lions,13
233,2013,17,12/29,21,New England Patriots,34,4,Buffalo Bills,20
1074,2013,17,12/29,22,New Orleans Saints,42,30,Tampa Bay Buccaneers,17
1108,2013,17,12/29,23,New York Giants,20,32,Washington Redskins,6
612,2013,17,12/29,25,Oakland Raiders,14,10,Denver Broncos,34
485,2013,17,12/29,27,Pittsburgh Steelers,20,8,Cleveland Browns,7
964,2013,17,12/29,29,Seattle Seahawks,27,18,Los Angeles Rams,9
755,2013,17,12/29,31,Tennessee Titans,16,13,Houston Texans,10
